Sensor 0,Sensor 1,Sensor 2,Sensor 3,Time
6,-3,-3,-2,0.006569147
9,-2,-3,-2,0.007537842
15,-1,-2,-2,0.009562731
21,-2,-3,-1,0.011529446
27,-2,-3,-2,0.012553692
32,-2,-2,-2,0.016513348
39,-2,-3,-1,0.01751399
44,-2,-3,-1,0.018508196
49,-2,-3,-2,0.020503283
53,-2,-3,-1,0.022527218
57,-2,-2,-1,0.02555871
61,-2,-2,-1,0.026690722
66,-1,-2,-2,0.026690722
70,-2,-2,-1,0.026690722
73,-2,-3,-1,0.026690722
77,-1,-2,-1,0.026690722
78,-2,-3,-2,0.026690722
81,-1,-3,-2,0.026690722
83,-1,-3,-2,0.026690722
83,-2,-2,-1,0.036692142
83,-1,-2,-2,0.036692142
83,-3,-2,-2,0.036692142
81,-1,-3,-1,0.036692142
79,-1,-3,-1,0.036692142
71,-1,-3,-2,0.046713352
62,-2,-3,-1,0.046713352
47,-2,-3,-2,0.046713352
23,-2,-2,-2,0.046713352
6,-2,-2,-2,0.006808519
11,-2,-2,0,0.006808519
23,-2,-1,-1,0.006808519
41,-2,-2,-2,0.016583204
64,-2,-1,-1,0.016583204
89,-2,-2,-1,0.016583204
113,-1,-2,-1,0.016583204
134,-2,-2,-1,0.016583204
151,-2,-2,-1,0.026582003
165,-2,-2,-2,0.026582003
180,-2,-2,-2,0.026582003
198,-2,-2,-2,0.026582003
220,-2,-2,-2,0.026582003
244,-1,-2,0,0.026582003
260,-2,-2,-2,0.026582003
273,-2,-2,-1,0.036598206
281,-2,-2,-2,0.036598206
287,-2,-2,-2,0.036598206
289,-1,-2,-1,0.036598206
289,-2,-1,-2,0.036598206
285,-2,-2,-1,0.046609163
279,-2,-2,-1,0.046609163
268,-3,-2,-2,0.046609163
253,-1,-2,-1,0.046609163
229,-2,-2,-2,0.046609163
193,-2,-2,-2,0.046609163
143,-2,-2,-1,0.046609163
75,-2,-2,-2,0.046609163
20,-2,-2,-2,0.046609163
6,-2,-2,-1,0.006445169
11,-2,-1,-2,0.006445169
25,-1,-1,-2,0.006445169
47,-2,-2,-1,0.006445169
75,-2,-2,-1,0.006445169
102,-1,-1,-1,0.006445169
130,-2,-1,-1,0.016251564
152,-2,-2,-2,0.016251564
173,-2,-2,-2,0.016251564
192,-2,-2,-1,0.016251564
210,-2,-1,-1,0.016251564
225,-2,-2,-1,0.016251564
240,-2,-1,-2,0.016251564
254,-2,-2,-1,0.016251564
267,-1,-1,-1,0.026219845
279,-1,-2,-2,0.026219845
292,-2,-2,-2,0.026219845
301,-2,-1,-1,0.026219845
309,-2,-2,-1,0.026219845
316,-3,-2,-1,0.026219845
320,-1,-1,-2,0.026219845
321,-2,-1,-2,0.036246061
320,-2,-1,-2,0.036246061
316,-2,-1,-1,0.036246061
308,-2,0,-1,0.036246061
295,-2,-1,-1,0.036246061
277,-1,-1,-1,0.036246061
250,-2,0,-1,0.036246061
208,-2,0,-1,0.036246061
154,-2,0,-1,0.036246061
85,-2,-1,0,0.046220064
13,-2,0,-1,0.046220064
6,-2,-1,-1,0.006732702
9,-2,-1,-2,0.006732702
18,-2,-2,-1,0.006732702
32,-2,-2,-1,0.01652813
50,-2,-2,-1,0.01652813
70,-2,-2,-1,0.01652813
89,-1,-2,-1,0.01652813
109,-2,-2,-1,0.026558876
131,-2,-1,0,0.026558876
152,-2,-1,-2,0.026558876
174,-2,-1,-1,0.026558876
196,-2,-1,-1,0.026558876
216,-2,-1,-2,0.026558876
234,-1,-1,-1,0.026558876
252,-2,-1,-2,0.026558876
270,-2,-1,-2,0.026558876
287,-2,-1,-2,0.036526442
304,-2,0,-1,0.036526442
319,-2,0,-1,0.036526442
334,-2,-1,-2,0.036526442
348,-1,-2,-1,0.036526442
361,-2,-1,-2,0.036526442
373,-1,-1,-2,0.036526442
384,-2,-1,-2,0.036526442
393,-2,-1,-1,0.036526442
402,-3,-1,-1,0.046527863
408,-2,-1,-1,0.046527863
413,-1,-1,-2,0.046527863
416,-2,-1,-2,0.046527863
417,-2,-2,-2,0.046527863
416,-1,-1,-1,0.046527863
413,-2,-1,-2,0.046527863
406,-2,-1,-1,0.056527853
399,-2,-1,-2,0.056527853
389,-2,-1,-2,0.056527853
375,-2,-1,-2,0.056527853
352,-1,-1,-1,0.056527853
324,-2,-2,-1,0.056527853
290,-1,-1,-1,0.056527853
238,-2,-1,-1,0.06652689
170,-2,-1,-2,0.06652689
60,-2,-1,-1,0.06652689
6,-2,-1,-2,0.007725716
10,-2,-1,0,0.007725716
20,-2,-1,-1,0.007725716
36,-2,-1,-1,0.007725716
56,-2,-2,-2,0.007725716
77,-3,-1,-1,0.017500877
95,-2,-1,-2,0.017500877
112,-2,0,-2,0.017500877
129,-1,-1,-1,0.017500877
145,-2,-1,-2,0.017500877
162,-2,-1,-2,0.017500877
177,-1,-1,-2,0.027501106
191,-2,-1,-1,0.027501106
205,-1,-1,-2,0.027501106
218,-1,0,-1,0.027501106
231,-2,0,-2,0.027501106
244,-2,-1,-1,0.027501106
256,-2,0,-1,0.037505627
268,-2,-1,0,0.037505627
279,-2,-1,0,0.037505627
290,-2,-1,-1,0.037505627
300,-3,-1,-2,0.037505627
310,-2,-1,-1,0.037505627
318,-3,-1,-2,0.037505627
324,-2,-1,-1,0.047502041
328,-2,-1,-2,0.047502041
331,-2,-1,-1,0.047502041
332,-2,-1,-2,0.047502041
333,-2,-1,-1,0.047502041
329,-1,0,-1,0.047502041
325,-2,-1,-1,0.047502041
317,-2,-1,0,0.05794549
309,-3,-1,-2,0.061957121
297,-2,-1,-1,0.061957121
284,-2,-1,-1,0.062957764
270,-2,-1,-1,0.063954353
256,-1,-1,-1,0.06495285
242,-2,-1,-1,0.065951824
224,-2,-2,-2,0.065951824
201,-2,-2,-1,0.067979336
168,-2,-1,-2,0.071951151
131,-2,-2,-1,0.072983503
74,-2,-2,-2,0.07394886
16,-2,-1,-1,0.075002193
6,-2,0,-2,0.013796568
9,-2,0,-1,0.013796568
17,-2,-1,-2,0.013796568
28,-2,-1,-1,0.013796568
44,-2,-1,-1,0.013796568
64,-2,0,-2,0.013796568
84,-2,0,-2,0.02379632
102,-1,-1,0,0.02379632
119,-2,-1,-1,0.02379632
133,-2,-1,-2,0.02379632
145,-2,-1,-1,0.033795834
158,-1,0,-1,0.033795834
169,-2,-1,-1,0.033795834
182,-3,0,-2,0.033795834
193,-2,-1,-2,0.033795834
207,-2,0,-2,0.033795834
219,-2,0,-1,0.033795834
230,-2,0,-2,0.033795834
242,-2,0,-1,0.043795824
251,-1,0,-1,0.043795824
261,-2,0,-1,0.043795824
270,-3,0,-2,0.043795824
276,-2,0,-2,0.053795815
280,-2,0,-2,0.053795815
284,-2,-1,-2,0.053795815
286,-2,0,-1,0.053795815
286,-2,0,-1,0.053795815
284,-2,0,-1,0.053795815
281,-1,0,-1,0.053795815
275,-2,-1,-1,0.053795815
265,-2,0,-1,0.053795815
251,-2,-1,-1,0.063797474
234,-2,0,-1,0.063797474
211,-2,-1,-2,0.063797474
175,-2,-1,-1,0.063797474
124,-2,0,-2,0.063797474
60,-2,-1,-1,0.063797474
10,-2,-1,-1,0.063797474
7,-2,-1,-1,0.007145166
9,-1,-2,-1,0.007145166
17,-2,-2,-1,0.007145166
24,-2,-2,-1,0.016941547
34,-1,-2,-2,0.016941547
48,-2,-1,-2,0.016941547
65,-1,-2,-1,0.016941547
83,-2,-2,-2,0.016941547
100,-2,-1,-1,0.026935339
116,-2,-2,-1,0.026935339
130,-2,-1,-1,0.026935339
144,-2,-2,-2,0.026935339
158,-2,-1,-2,0.026935339
169,-1,-1,-1,0.026935339
180,-2,-1,-2,0.026935339
190,-2,-2,-2,0.026935339
200,-1,-1,-1,0.026935339
210,-3,-2,-2,0.026935339
219,-2,-1,-1,0.036934137
228,-1,-2,-2,0.036934137
237,-1,-1,-2,0.036934137
245,-1,-1,-1,0.036934137
255,-1,-1,-2,0.036934137
263,-2,-1,-1,0.036934137
268,-2,-1,-2,0.036934137
273,-1,-1,-1,0.046954155
274,-2,-1,-2,0.046954155
274,-1,-1,-2,0.046954155
273,-1,-1,-2,0.046954155
269,-3,-1,-2,0.046954155
264,-2,-1,-1,0.046954155
257,-3,-1,-2,0.046954155
247,-2,-1,-2,0.046954155
231,-1,-1,-2,0.046954155
210,-2,-2,-2,0.056933641
186,-2,-1,-2,0.056933641
155,-2,-1,-2,0.056933641
112,-2,-2,-2,0.056933641
60,-3,-1,-2,0.056933641
17,-1,-2,-2,0.056933641
6,-2,-2,-1,0.006934643
9,-2,0,-1,0.006934643
15,-2,-1,-2,0.006934643
25,-1,-1,-2,0.016706467
39,-2,-1,-2,0.016706467
53,-2,-1,-1,0.016706467
69,-1,-1,-1,0.016706467
84,-1,-1,-1,0.016706467
96,-2,0,-1,0.026708603
107,-1,-1,-1,0.026708603
116,-2,0,-1,0.026708603
125,0,-1,-2,0.026708603
134,-2,-1,-2,0.026708603
142,-2,0,-1,0.036708832
152,-2,-1,-1,0.036708832
161,-2,-1,-2,0.036708832
170,-2,-2,-2,0.036708832
177,-2,-2,-2,0.036708832
184,-2,-1,-1,0.036708832
191,-2,-1,-2,0.046707392
200,-2,-1,-1,0.046707392
206,-2,-1,-2,0.046707392
213,-2,-1,-1,0.046707392
219,-2,-1,-1,0.056708813
225,-2,-1,-1,0.056708813
231,-3,-1,-2,0.056708813
237,-2,-1,-2,0.056708813
241,-2,-1,-2,0.056708813
245,-1,0,-2,0.056708813
250,-2,0,-1,0.056708813
253,-1,-1,-1,0.056708813
256,-1,0,-1,0.056708813
258,-2,-1,-1,0.066708088
259,-2,-1,-1,0.066708088
259,-1,-1,-1,0.066708088
260,-2,0,-2,0.066708088
260,-2,0,-2,0.066708088
259,-2,-1,-2,0.066708088
257,-1,-1,-1,0.066708088
254,-1,-1,-1,0.076706648
248,-1,-1,-1,0.076706648
241,-2,-1,-1,0.076706648
231,-1,-1,-1,0.076706648
216,-1,0,-2,0.076706648
195,-2,-1,-1,0.076706648
169,-1,-1,-2,0.076706648
139,-2,-1,-1,0.086705923
102,-1,-1,0,0.086705923
61,-2,-1,-2,0.086705923
24,-2,-1,-2,0.086705923
7,-1,-1,-2,0.000566006
9,-2,0,-2,0.000566006
10,-2,-1,-1,0.000566006
14,-1,0,-2,0.000566006
16,-2,1,-2,0.000566006
20,-2,-1,-1,0.01034236
25,-2,0,-1,0.01034236
31,0,-1,-1,0.01034236
39,-2,0,-1,0.01034236
48,-1,0,-1,0.01034236
57,-2,-1,-2,0.01034236
66,-2,0,-1,0.01034236
76,-2,0,-1,0.01034236
85,-2,0,-2,0.020342827
95,-2,0,-2,0.020342827
105,-2,0,-1,0.020342827
115,-2,0,-1,0.020342827
124,-2,0,-2,0.020342827
133,-2,0,-1,0.020342827
142,-2,-1,-2,0.020342827
151,-2,0,-1,0.030343771
159,-2,0,-1,0.030343771
166,-1,0,-1,0.030343771
173,-2,-1,0,0.030343771
181,-2,-1,-1,0.030343771
186,-2,-1,-1,0.030343771
192,-2,0,-2,0.030343771
197,-2,0,-2,0.030343771
200,-2,0,-1,0.030343771
204,-2,0,-1,0.030343771
208,-2,0,-1,0.030343771
211,-2,-1,-1,0.040342569
213,-1,-1,-1,0.040342569
215,-1,0,-1,0.040342569
216,-2,0,-2,0.040342569
216,-2,-1,-1,0.040342569
214,-2,-1,-1,0.040342569
213,-2,-1,-1,0.040342569
210,-2,-1,-1,0.050345898
205,-2,-1,-1,0.050345898
198,-2,-1,-2,0.050345898
189,-2,0,-1,0.050345898
179,-1,-1,-1,0.050345898
165,-3,0,-1,0.050345898
148,-2,-1,-1,0.050345898
121,-3,0,-2,0.060342312
84,-1,0,-2,0.060342312
49,-2,-1,-2,0.060342312
17,-2,1,-2,0.060342312
7,-2,-1,-2,0.060342312
6,-3,0,0,0.016547918
8,-2,0,-2,0.016547918
13,-2,0,-2,0.016547918
22,-2,0,-1,0.016547918
34,-1,0,-1,0.016547918
47,-2,1,-1,0.016547918
63,-2,0,-1,0.026525021
78,-1,0,-1,0.026525021
93,-1,0,-1,0.026525021
107,-1,0,-1,0.026525021
120,-2,0,-1,0.026525021
132,-2,0,-1,0.026525021
145,-2,0,-1,0.026525021
156,-2,-1,-1,0.036524534
169,-2,-1,-2,0.036524534
179,-1,0,-1,0.036524534
191,-1,0,-1,0.036524534
201,-2,0,-2,0.036524534
211,-2,1,-1,0.036524534
220,-1,0,-2,0.036524534
229,-1,0,-2,0.036524534
237,-2,0,-2,0.036524534
245,-1,1,-1,0.036524534
255,-3,0,-2,0.036524534
264,-2,0,-1,0.036524534
273,-2,0,-1,0.046524048
281,-2,-1,-1,0.046524048
288,-2,0,-1,0.046524048
295,-2,0,-1,0.046524048
301,-2,-1,-2,0.046524048
308,-2,0,-2,0.046524048
313,-1,0,0,0.046524048
318,-2,0,-1,0.056524277
323,-1,0,-1,0.056524277
326,-2,0,-2,0.056524277
331,-2,0,-1,0.056524277
333,-2,0,-1,0.056524277
336,-2,0,-1,0.056524277
338,-2,0,-2,0.056524277
339,-1,0,-2,0.066524744
341,-2,0,-1,0.066524744
343,-2,-1,-1,0.066524744
345,-2,-1,0,0.066524744
347,-2,0,-1,0.066524744
347,-2,1,-2,0.066524744
348,-2,0,-1,0.066524744
348,-3,0,-2,0.076540947
347,-1,0,-1,0.076540947
345,-1,0,-2,0.076540947
342,-2,1,-1,0.076540947
338,-2,0,-1,0.076540947
332,-2,0,-1,0.076540947
326,-1,-1,-2,0.076540947
318,-1,0,-1,0.086523533
309,-2,-2,-1,0.086523533
297,-2,0,-1,0.086523533
281,-3,-1,-1,0.086523533
260,-1,0,-2,0.086523533
226,-2,-1,-1,0.086523533
172,-2,-1,-2,0.086523533
109,-2,-1,-2,0.086523533
43,-1,0,-1,0.086523533
0,6,1,-2,0.002706289
0,9,0,-2,0.002706289
-1,17,0,-1,0.002706289
0,25,0,-1,0.012514114
-1,37,0,-2,0.012514114
-2,48,0,-1,0.012514114
0,60,0,-1,0.012514114
0,73,-1,-1,0.012514114
-1,85,0,-2,0.022485733
0,96,0,-2,0.022485733
-2,107,0,-1,0.022485733
0,117,-1,-1,0.022485733
-1,127,0,-1,0.022485733
-1,138,0,-2,0.032484531
-1,148,0,-2,0.032484531
-1,157,0,0,0.032484531
-2,165,0,-1,0.032484531
-1,172,0,-2,0.032484531
-1,177,0,-2,0.032484531
0,182,0,-2,0.04248476
-1,186,1,-2,0.04248476
0,189,1,-2,0.04248476
-2,191,1,-1,0.04248476
-1,194,0,-1,0.04248476
0,195,0,0,0.052484274
-1,196,0,-2,0.052484274
-1,197,1,-2,0.052484274
-1,196,1,-2,0.052484274
-1,194,1,-2,0.052484274
-1,190,1,-1,0.052484274
-1,183,0,-1,0.052484274
-1,175,1,-1,0.052484274
-1,164,0,-1,0.052484274
-1,148,1,-1,0.052484274
-1,126,0,-1,0.062513351
0,92,0,0,0.062513351
-1,52,0,-2,0.062513351
0,17,0,-1,0.062513351
0,6,1,-2,0.005666494
-1,8,0,-2,0.005666494
-1,13,0,-1,0.005666494
-1,23,0,-2,0.005666494
-2,37,1,-2,0.015636921
-1,57,1,-1,0.015636921
-1,80,0,-1,0.015636921
-1,103,0,-1,0.015636921
-1,126,1,-1,0.015636921
-1,149,1,-2,0.015636921
-1,170,1,-1,0.015636921
0,189,0,-1,0.025634527
-1,206,0,-2,0.025634527
-1,222,1,-1,0.025634527
0,235,0,-1,0.025634527
0,246,0,-1,0.025634527
-1,255,0,-2,0.025634527
0,262,1,-1,0.025634527
-1,267,1,-2,0.035634518
-1,272,1,-1,0.035634518
0,276,1,-1,0.035634518
-1,281,2,-1,0.035634518
-1,282,0,-1,0.035634518
-1,280,1,-2,0.035634518
-1,273,0,-1,0.035634518
0,264,0,-2,0.04563427
0,249,2,-1,0.04563427
-1,230,1,-1,0.04563427
0,204,1,-2,0.04563427
0,165,1,-1,0.04563427
-1,107,0,0,0.04563427
0,57,1,-1,0.04563427
-1,11,1,-1,0.055634499
0,6,2,-2,0.001605511
-1,9,1,-2,0.001605511
-1,16,1,-2,0.001605511
-1,23,2,-1,0.011390924
-1,31,2,-2,0.011390924
-1,40,1,-2,0.011390924
-1,51,2,-1,0.011390924
0,64,2,0,0.011390924
0,75,1,-2,0.011390924
-1,86,1,-1,0.021390676
-1,98,2,-2,0.021390676
0,108,2,-2,0.021390676
-1,119,1,-2,0.021390676
0,127,2,-1,0.032016754
-1,135,1,-1,0.034010649
-1,141,1,-1,0.035008907
-1,147,1,-1,0.038011074
-1,151,1,-2,0.040010452
0,154,1,-1,0.040010452
-1,155,1,-1,0.041007042
-1,157,2,0,0.042031527
0,156,1,-1,0.044032335
-1,154,1,-2,0.047395468
-1,148,1,-2,0.048395395
0,139,1,-1,0.048395395
-1,123,2,-1,0.0493927
-1,107,1,-1,0.050389767
-1,87,1,-2,0.050389767
-1,64,1,-1,0.051387548
-1,43,1,-2,0.053411722
-1,15,2,-1,0.057509184
0,6,1,-1,0.00588274
-1,12,1,-1,0.00588274
-1,17,2,-2,0.00588274
0,23,2,-2,0.00588274
-1,29,1,-2,0.00588274
-1,34,1,-2,0.00588274
0,39,0,-1,0.00588274
-1,42,2,-1,0.00588274
-1,47,2,-1,0.015860081
0,48,1,-1,0.015860081
-1,50,2,-1,0.015860081
-2,51,2,-1,0.015860081
0,49,1,-1,0.015860081
-1,45,1,-1,0.015860081
-1,38,2,-2,0.015860081
-2,29,2,-1,0.015860081
0,18,2,-1,0.025859833
-1,6,1,-2,0.025859833
-1,6,3,-1,0.005775452
-2,12,2,-2,0.005775452
-1,21,2,-1,0.005775452
0,30,2,-2,0.015576839
-1,39,2,-2,0.015576839
-1,47,1,-2,0.015576839
-1,57,2,-1,0.015576839
0,66,2,-2,0.025576591
0,76,2,-2,0.025576591
-1,85,2,-1,0.025576591
-1,93,1,-1,0.025576591
-1,101,2,-1,0.025576591
-1,107,2,-2,0.025576591
0,113,2,-1,0.025576591
-1,119,2,-2,0.025576591
-1,123,2,-2,0.025576591
-1,126,2,-2,0.025576591
-1,129,2,-1,0.035574913
-1,132,2,-2,0.035574913
-1,133,2,-1,0.035574913
-1,134,2,-1,0.035574913
-1,135,2,-2,0.035574913
-1,135,3,-1,0.035574913
-1,134,2,-1,0.035574913
-1,131,2,-1,0.035574913
-1,127,2,-1,0.045574665
-1,122,2,-1,0.045574665
-1,112,2,-1,0.045574665
-1,100,2,-2,0.045574665
-1,84,1,-1,0.045574665
-1,65,2,-1,0.045574665
-1,47,1,-2,0.045574665
-1,29,1,-1,0.045574665
-1,13,2,-1,0.045574665
0,6,2,-2,0.007609606
-1,9,2,-2,0.007609606
0,18,2,-1,0.007609606
-1,33,3,-2,0.007609606
-1,56,1,-2,0.007609606
0,82,3,-2,0.007609606
0,104,2,-1,0.017609119
-1,125,2,-1,0.017609119
0,143,2,-1,0.017609119
-1,160,1,-2,0.017609119
0,175,1,-1,0.017609119
-1,188,2,-2,0.017609119
-1,202,2,-2,0.017609119
-1,214,1,-2,0.017609119
0,225,2,-1,0.027609348
-1,234,2,-1,0.027609348
0,242,2,-2,0.027609348
-1,249,2,-1,0.027609348
-1,256,2,-2,0.027609348
-1,261,1,-1,0.027609348
-2,263,1,-1,0.027609348
-1,264,2,-1,0.027609348
-1,264,2,-2,0.027609348
-1,261,1,-2,0.037613392
-2,257,2,-1,0.037613392
-1,249,2,0,0.037613392
-1,236,2,-1,0.037613392
-1,219,2,-2,0.037613392
-1,193,2,-1,0.037613392
-1,151,1,-1,0.037613392
-1,89,1,-1,0.037613392
-2,23,1,-2,0.047608852
-2,6,2,-1,0.005354881
-1,10,2,-2,0.005354881
-1,20,2,-1,0.005354881
-1,34,3,-2,0.005354881
-1,55,2,-1,0.005354881
-1,77,1,-2,0.005354881
-1,98,2,-1,0.005354881
-1,117,2,-2,0.005354881
0,134,2,-1,0.005354881
-1,151,2,-2,0.005354881
-1,165,2,-1,0.015354156
-1,178,1,-1,0.015354156
-1,191,2,-1,0.015354156
-1,203,1,-1,0.015354156
-1,216,1,-2,0.015354156
-1,226,2,-1,0.015354156
-1,236,1,-1,0.015354156
-1,244,2,-1,0.025377989
-1,251,1,-1,0.025377989
-1,257,2,-2,0.025377989
-1,260,1,-2,0.025377989
0,263,1,-1,0.025377989
0,263,2,-1,0.025377989
-1,262,2,-1,0.025377989
-1,259,1,-2,0.025377989
-1,254,1,-2,0.035354853
0,245,2,-2,0.035354853
-1,235,2,-2,0.035354853
-1,220,2,-2,0.035354853
-1,202,1,-2,0.035354853
-1,182,3,-1,0.035354853
0,154,1,-2,0.035354853
-2,120,2,-1,0.045354366
0,75,3,-1,0.045354366
0,26,2,-1,0.045354366
-1,6,2,-2,0.008081198
-1,14,3,-2,0.008081198
-1,28,2,-1,0.008081198
-1,39,2,-1,0.008081198
-1,52,2,-1,0.008081198
-1,66,2,-2,0.008081198
-1,79,2,-2,0.018049717
-1,90,2,-1,0.018049717
0,103,2,-1,0.018049717
-1,115,2,-1,0.018049717
-1,127,2,-1,0.018049717
-1,138,2,-2,0.018049717
-1,148,3,0,0.018049717
0,156,2,-2,0.018049717
-1,164,2,-1,0.028050423
-1,170,2,-2,0.028050423
-1,175,2,-1,0.028050423
-1,178,2,-1,0.028050423
-1,179,2,-2,0.028050423
-1,181,2,-2,0.028050423
-1,181,2,-2,0.028050423
-2,180,2,-2,0.038049698
-1,177,2,-2,0.038049698
-1,173,2,0,0.038049698
-1,168,2,-1,0.038049698
-1,161,2,-1,0.038049698
-1,153,1,-1,0.038049698
0,143,2,-1,0.038049698
0,132,1,-1,0.038049698
0,116,2,-1,0.038049698
0,97,2,-1,0.038049698
-1,76,2,-1,0.038049698
-1,52,1,-1,0.048050404
-1,22,2,-2,0.048050404
-1,6,1,-2,0.048050404
-1,6,3,-1,0.006436586
-2,11,2,-2,0.006436586
-1,16,2,-1,0.006436586
-1,22,2,-2,0.006436586
-1,30,2,-2,0.006436586
0,39,1,-2,0.016225576
-1,47,1,-2,0.016225576
-1,55,2,-2,0.016225576
-1,64,2,-1,0.016225576
-1,72,2,-2,0.016225576
-1,80,1,-2,0.016225576
0,87,3,-1,0.016225576
-2,91,2,-1,0.016225576
-1,97,2,-1,0.026226759
-1,99,2,-1,0.026226759
-1,102,2,-1,0.026226759
-1,101,2,-2,0.026226759
-1,101,1,-2,0.026226759
-1,98,2,-1,0.026226759
-1,94,2,-2,0.026226759
-1,90,2,-2,0.036226273
0,85,2,-2,0.036226273
-1,79,2,-1,0.036226273
-2,71,2,-1,0.036226273
0,63,1,-1,0.036226273
-1,51,1,-2,0.036226273
-1,40,2,-1,0.036226273
-1,27,2,-1,0.046225548
-1,16,1,-1,0.046225548
-1,6,2,-1,0.002897263
-1,9,2,-2,0.002897263
-1,13,2,-2,0.002897263
0,17,2,-2,0.002897263
-1,24,2,-1,0.002897263
-1,29,3,-1,0.002897263
0,35,2,-2,0.002897263
-1,40,2,-1,0.012873411
0,45,2,-1,0.012873411
-1,50,3,-1,0.012873411
-1,54,1,-1,0.012873411
-1,59,2,-1,0.012873411
-1,63,2,-1,0.012873411
-1,67,2,-2,0.012873411
-1,70,3,-1,0.02287674
0,73,3,-1,0.02287674
-1,74,2,-1,0.02287674
-1,75,2,-2,0.02287674
-1,77,2,-1,0.02287674
-1,76,3,-2,0.02287674
-1,77,2,-1,0.02287674
-2,80,2,-1,0.032874346
-1,81,2,-1,0.032874346
-1,83,2,-1,0.032874346
0,82,2,-1,0.032874346
-1,82,1,-1,0.032874346
-1,81,2,-1,0.032874346
0,78,1,-1,0.032874346
-1,75,1,-2,0.032874346
-1,68,2,-1,0.042874813
-1,61,2,-2,0.042874813
-2,51,2,-1,0.042874813
-1,40,2,-2,0.042874813
-1,28,2,-1,0.042874813
0,16,1,-2,0.042874813
-1,-1,6,-2,0.007015944
-2,-1,7,-1,0.007015944
-1,-1,10,-1,0.007015944
0,-1,15,-1,0.007015944
-1,-1,21,-2,0.007015944
-2,-1,27,-2,0.016777277
-1,0,34,-1,0.016777277
-1,-2,42,-1,0.016777277
-1,-2,55,-2,0.016777277
0,-2,67,-2,0.016777277
-1,-2,82,-2,0.016777277
-1,-1,96,-2,0.016777277
-1,-1,110,-2,0.026787996
-1,-2,122,-2,0.026787996
-2,-1,134,-2,0.026787996
-1,-2,144,-2,0.026787996
-1,-2,153,-1,0.026787996
-1,-1,154,-1,0.026787996
-1,-1,154,-1,0.026787996
-1,-2,154,-2,0.036777258
-1,-1,154,-1,0.036777258
-1,-1,155,-2,0.036777258
-1,0,154,-2,0.036777258
-1,-2,154,-2,0.036777258
-1,-1,154,-1,0.036777258
-1,-1,154,-1,0.036777258
0,-2,154,-2,0.046777487
0,-1,153,-1,0.046777487
-1,-1,154,-1,0.046777487
0,-1,154,-1,0.046777487
0,-1,154,-1,0.046777487
-1,-1,154,-1,0.046777487
-1,-1,155,0,0.046777487
0,-1,154,0,0.056777477
-1,-1,154,0,0.056777477
-1,-1,155,-1,0.056777477
-1,0,155,-1,0.056777477
0,-1,154,0,0.056777477
-1,-1,154,-1,0.056777477
0,0,153,-1,0.056777477
-1,-1,154,-2,0.066778421
0,-1,154,-1,0.066778421
-1,-1,137,0,0.066778421
-1,-1,105,-1,0.066778421
-1,0,63,-1,0.066778421
-1,-1,22,-2,0.066778421
-1,-1,6,-2,0.066778421
-1,0,6,-2,0.003978968
-1,-1,6,-2,0.003978968
-1,-2,7,-1,0.003978968
-1,0,11,-2,0.003978968
-1,-1,16,-1,0.003978968
-1,-2,24,-1,0.013851166
-1,-1,36,-1,0.013851166
-2,-1,47,-2,0.013851166
-1,-1,60,-2,0.013851166
-1,-1,73,0,0.013851166
-1,0,85,-1,0.013851166
-1,-2,97,-1,0.013851166
-1,-1,109,-1,0.023850441
-1,-1,119,-1,0.023850441
-1,-1,131,-1,0.023850441
-1,-1,139,-1,0.023850441
-1,-1,148,-1,0.023850441
-1,0,154,-1,0.023850441
-1,-1,155,-1,0.023850441
-1,-1,154,-2,0.03385067
-1,-1,154,-2,0.03385067
-1,-2,155,-2,0.03385067
0,-1,153,-1,0.03385067
0,-1,154,-1,0.03385067
0,-1,154,-2,0.03385067
-1,-1,154,-1,0.043854713
-1,-1,154,-1,0.043854713
0,0,155,-1,0.043854713
-1,-2,154,-1,0.043854713
-2,-1,154,-1,0.043854713
-1,-1,155,-1,0.043854713
-1,-1,155,-2,0.043854713
-1,-1,155,-1,0.053850889
-2,-1,154,-1,0.053850889
0,-1,155,-2,0.053850889
-1,-1,155,-1,0.053850889
0,-1,154,-1,0.053850889
-1,-1,154,-1,0.053850889
-1,-1,155,-1,0.053850889
-1,0,155,-1,0.063856363
-1,-1,153,-1,0.063856363
-1,-1,150,-2,0.063856363
-1,0,118,0,0.063856363
-1,-1,70,0,0.063856363
0,-1,30,-1,0.063856363
-1,-1,9,-1,0.063856363
0,0,6,-2,0.0038867
-2,-1,6,-1,0.0038867
-1,-1,7,-1,0.0038867
0,0,11,-1,0.013669252
-1,-2,13,0,0.013669252
-1,0,18,-2,0.013669252
-1,-1,24,-1,0.013669252
-1,-1,29,-2,0.013669252
0,-1,37,0,0.013669252
-1,-2,44,-2,0.013669252
-1,-1,54,-2,0.023666382
-1,-1,63,-2,0.023666382
-1,-1,73,-1,0.023666382
0,0,82,-2,0.023666382
-1,-1,92,-1,0.023666382
1,-1,101,-1,0.023666382
-1,-1,109,0,0.033668518
-1,-1,117,-2,0.033668518
-1,-1,126,-1,0.033668518
-2,-1,132,-1,0.033668518
-1,0,138,0,0.033668518
-1,-1,143,-1,0.033668518
-1,0,148,-2,0.033668518
-1,-1,151,-1,0.033668518
-1,0,155,-2,0.043665886
-1,1,155,-1,0.043665886
0,-1,154,-1,0.043665886
-1,0,155,-2,0.043665886
-1,0,155,0,0.043665886
0,-1,155,-2,0.043665886
-1,-1,153,-1,0.053672791
-1,-1,155,-1,0.053672791
-1,-1,153,-1,0.053672791
-1,-1,155,-1,0.053672791
-1,-2,155,-1,0.053672791
0,-1,154,-1,0.053672791
-1,-1,155,-2,0.053672791
-1,-1,155,-2,0.063667774
-1,-1,155,-2,0.063667774
-1,0,154,-2,0.063667774
-1,0,155,-1,0.063667774
-2,-1,155,-2,0.063667774
-1,0,155,-1,0.063667774
-2,-2,154,-1,0.063667774
0,0,154,-2,0.063667774
-1,-2,154,-1,0.075055361
-1,-2,154,-1,0.078048706
-1,0,155,0,0.079016924
-2,-2,154,-1,0.08001399
-1,-1,151,-1,0.08101368
-1,-2,138,-1,0.082009315
0,-1,121,-2,0.083005428
-1,0,99,-1,0.085024834
-1,0,66,-1,0.088023186
-1,-1,20,-2,0.088989973
-1,0,7,-2,0.089987516
-2,-1,6,-1,0.006573677
-1,-1,6,-1,0.006573677
-1,-1,8,-1,0.006573677
-1,-2,10,-2,0.016350746
-1,-1,13,-1,0.016350746
-1,-1,17,-1,0.016350746
-1,-1,22,-1,0.016350746
0,-1,29,-1,0.016350746
-1,0,36,-2,0.026351213
-1,-1,44,-1,0.026351213
-2,-1,55,-2,0.026351213
-1,0,66,-1,0.026351213
-1,-1,77,-1,0.026351213
-1,-2,87,-1,0.026351213
-1,-1,97,-1,0.026351213
-2,-2,106,-1,0.036351681
-1,-1,114,-1,0.036351681
0,-1,120,-2,0.036351681
0,-1,128,-1,0.036351681
0,-1,134,-2,0.036351681
-1,-1,140,-2,0.036351681
-1,-1,146,-1,0.046349525
-1,-1,152,0,0.046349525
-1,-1,154,-2,0.046349525
-1,0,153,-1,0.046349525
-1,-1,154,-1,0.046349525
-1,-1,154,-1,0.046349525
0,-1,155,-2,0.046349525
-2,-1,154,-1,0.046349525
-1,-1,154,-1,0.046349525
0,-1,155,-2,0.056363106
-1,-1,154,-2,0.056363106
-1,-1,155,-2,0.056363106
-2,-1,155,-1,0.056363106
0,-2,154,-2,0.056363106
-1,-1,154,-2,0.056363106
-1,-1,154,-2,0.056363106
-1,0,154,0,0.056363106
0,-1,154,-1,0.066349506
-1,-1,154,-1,0.066349506
-1,0,146,0,0.066349506
0,0,131,-1,0.066349506
-1,-1,107,-2,0.066349506
-1,-2,72,-2,0.066349506
-1,-2,28,-1,0.066349506
0,-2,7,-2,0.066349506
-1,-1,6,-1,0.007723331
0,-1,7,-1,0.007723331
-2,0,10,-1,0.007723331
-1,-1,14,-2,0.017530918
-1,-1,22,-1,0.017530918
-1,-1,28,-1,0.017530918
-1,-2,36,-1,0.017530918
-2,-2,44,-1,0.017530918
-1,-1,53,-2,0.027529478
0,-1,62,-1,0.027529478
-1,0,71,-1,0.027529478
-1,0,81,-1,0.027529478
-1,-1,91,-1,0.027529478
-1,0,100,-1,0.037529707
-1,-1,108,-2,0.037529707
-1,-1,119,-1,0.037529707
-1,-2,128,-2,0.037529707
-1,-1,137,-1,0.037529707
-1,-1,145,0,0.037529707
-1,0,152,0,0.037529707
0,-1,153,-1,0.037529707
0,-1,153,-2,0.047528982
0,-2,154,-1,0.047528982
-1,0,154,-2,0.047528982
0,-2,154,0,0.047528982
-1,-1,154,-1,0.047528982
0,-1,154,-1,0.047528982
-1,-2,155,-1,0.047528982
-1,0,155,-2,0.057529211
-1,-2,155,-1,0.057529211
-1,0,155,-2,0.057529211
0,-2,154,-1,0.057529211
-1,-1,154,-1,0.057529211
-2,-1,154,-1,0.057529211
-1,-1,155,-1,0.057529211
-1,-1,154,-1,0.067528725
-1,-1,154,-1,0.067528725
-1,-1,154,-1,0.067528725
-1,-1,155,-1,0.067528725
-1,-1,154,0,0.067528725
-1,-1,154,-2,0.067528725
0,-1,154,-1,0.067528725
-1,-1,154,-2,0.067528725
-1,-1,155,-2,0.077528954
-1,-1,153,-1,0.077528954
-2,0,137,-1,0.077528954
-1,-1,112,-1,0.077528954
-1,-1,84,-1,0.077528954
-2,-1,48,-1,0.077528954
-1,0,12,-1,0.077528954
-2,-2,6,-1,0.007692099
-1,-1,6,-2,0.009528399
-1,-1,7,-2,0.010561943
-1,-1,8,-1,0.01252532
-2,-1,11,-2,0.014520645
-1,-1,16,-2,0.018539906
-1,0,21,-1,0.019544125
-1,1,28,-1,0.020573854
-1,-1,36,-1,0.023533106
0,-1,45,-1,0.024558544
-1,-1,55,-1,0.027620077
0,-1,65,-1,0.028642893
-2,0,77,-1,0.029610872
-1,-1,89,-1,0.030745745
-1,-1,102,-1,0.030745745
-2,-2,116,-1,0.030745745
-1,0,128,-1,0.030745745
-1,0,138,-1,0.030745745
-1,-1,150,-1,0.030745745
-1,-1,154,-1,0.030745745
-1,0,155,-1,0.040747166
-1,-1,154,-1,0.040747166
-1,-1,155,-2,0.040747166
-1,-1,154,-1,0.040747166
-1,-1,155,-1,0.040747166
-1,-2,154,-2,0.040747166
0,-2,154,-1,0.040747166
-1,-1,154,-2,0.050775766
-1,-1,155,-1,0.050775766
-1,0,155,-1,0.050775766
0,-2,154,-1,0.050775766
-1,0,153,-1,0.050775766
0,0,154,-2,0.050775766
0,0,155,-1,0.050775766
-1,-1,155,-1,0.050775766
-1,-2,154,-2,0.060745239
0,-1,155,-2,0.060745239
0,-1,155,-1,0.060745239
-1,-1,154,-2,0.060745239
-1,0,155,-2,0.060745239
-1,-1,154,-1,0.060745239
-2,-1,154,-2,0.060745239
-1,-1,154,-1,0.070745707
-1,-1,154,-1,0.070745707
-2,-1,154,-1,0.070745707
-2,-1,154,-1,0.070745707
-1,-1,154,-1,0.070745707
-1,-1,145,-1,0.070745707
0,-1,97,-1,0.070745707
-1,-2,52,-2,0.070745707
-1,-2,15,-2,0.070745707
-1,-1,6,-2,0.080744982
-1,0,6,-2,0.005494118
-2,-1,7,-1,0.005494118
0,-1,7,-2,0.005494118
-2,-1,10,-1,0.015269041
0,-1,13,-1,0.015269041
-1,-1,19,-2,0.015269041
-1,-1,25,-1,0.015269041
0,-1,33,-2,0.015269041
-1,0,41,-1,0.015269041
-1,0,51,-2,0.015269041
-1,-1,63,-2,0.015269041
-1,-1,75,-1,0.015269041
-2,-1,88,-1,0.025283098
0,-1,101,-1,0.025283098
0,-1,113,-1,0.025283098
-1,-2,126,-1,0.025283098
0,-2,139,-1,0.025283098
-1,-2,152,-1,0.025283098
0,-1,154,-2,0.025283098
-1,-1,154,-1,0.025283098
-1,-1,154,-2,0.035267353
-2,0,154,-1,0.035267353
-1,-1,155,-2,0.035267353
-1,-1,155,-2,0.035267353
-1,-1,155,-2,0.035267353
-1,-1,154,-1,0.035267353
-1,-1,155,-2,0.035267353
-1,-2,154,-2,0.035267353
-1,-1,154,-1,0.04526782
-1,0,154,-1,0.04526782
0,-1,155,-2,0.04526782
-2,-1,154,-1,0.04526782
-1,0,155,-1,0.04526782
-1,-1,154,-1,0.04526782
-2,0,154,-1,0.04526782
-1,-1,155,-2,0.04526782
-1,-2,154,-2,0.04526782
-2,-1,154,-1,0.055267334
-1,-1,155,-2,0.055267334
-1,0,155,-1,0.055267334
-2,-1,155,-1,0.055267334
-1,-1,155,-1,0.055267334
0,0,155,-2,0.055267334
-1,-2,155,-1,0.055267334
-1,-1,155,-2,0.055267334
0,-1,154,-1,0.065267324
-1,-1,154,-1,0.065267324
-1,-2,154,-2,0.065267324
-1,-1,153,-1,0.065267324
-1,-1,154,-2,0.065267324
-2,-1,155,0,0.065267324
-2,-1,155,-1,0.065267324
-1,-1,130,-2,0.065267324
-2,-2,93,-1,0.065267324
-1,0,58,-2,0.065267324
-1,-1,26,-2,0.065267324
-1,-1,9,-2,0.065267324
-1,-1,6,-2,0.065267324
-1,-1,6,-2,0.006939173
-1,-2,6,-1,0.006939173
-1,0,7,-2,0.006939173
0,-2,7,-2,0.016730785
-1,0,10,-1,0.016730785
-1,0,12,-1,0.016730785
-1,-2,16,-1,0.016730785
-1,-1,22,-1,0.026729822
-1,-1,29,-1,0.026729822
-1,-2,36,-2,0.026729822
-1,-1,45,-2,0.026729822
0,0,55,-1,0.026729822
-1,-1,64,-1,0.026729822
-1,-1,74,-1,0.026729822
-1,0,84,-1,0.026729822
-1,-1,93,-2,0.026729822
-1,0,103,-1,0.026729822
-1,-1,115,-2,0.03672719
-1,-1,124,-2,0.03672719
-1,-1,134,-2,0.03672719
0,-1,144,-1,0.03672719
0,-1,152,-1,0.03672719
0,-1,155,-1,0.03672719
-1,-1,154,-1,0.03672719
-1,-1,154,-1,0.03672719
0,0,154,0,0.03672719
0,-1,155,-1,0.046727419
-1,-1,154,-2,0.046727419
-1,-1,155,-2,0.046727419
-1,-1,154,-1,0.046727419
-1,-1,154,0,0.046727419
0,0,154,-1,0.046727419
-1,-1,155,-1,0.046727419
-1,-1,155,-1,0.046727419
-1,1,155,-1,0.046727419
0,0,155,-1,0.046727419
-1,-1,154,-2,0.046727419
-1,-1,154,-2,0.046727419
-1,-1,154,-2,0.056755543
0,-1,154,-1,0.056755543
-1,-1,154,-1,0.056755543
-1,-1,155,-1,0.056755543
-1,-2,155,-2,0.056755543
-1,-1,155,-1,0.056755543
-1,-1,154,-2,0.056755543
-2,0,154,-1,0.056755543
0,0,154,-1,0.056755543
0,-1,155,-1,0.0667274
0,-1,154,-1,0.0667274
0,-1,155,-1,0.0667274
-1,-1,133,-2,0.0667274
0,-1,96,0,0.0667274
-1,-1,51,-1,0.0667274
-1,-1,18,-1,0.0667274
-1,-1,7,-2,0.0667274
-1,-1,6,-2,0.017815351
-1,-1,6,-1,0.017815351
-1,-1,6,-1,0.027607441
-1,-1,7,-1,0.027607441
0,-1,8,-1,0.027607441
-1,-1,10,-1,0.027607441
-1,0,13,-2,0.027607441
-1,0,18,-1,0.027607441
-1,-1,23,-1,0.037635326
-1,-1,29,-1,0.037635326
-1,-1,38,-2,0.037635326
-1,-1,46,-1,0.037635326
-1,-1,53,-2,0.037635326
0,-1,61,-1,0.037635326
-1,0,68,-2,0.037635326
-1,-1,74,-2,0.047643185
-1,-1,83,-1,0.047643185
-1,0,89,-2,0.047643185
-1,-1,98,-1,0.047643185
-1,-1,106,-1,0.047643185
-1,0,114,-2,0.057603598
-1,-2,123,-2,0.057603598
-2,-2,132,-2,0.057603598
-1,-1,142,-2,0.057603598
-1,-1,150,-2,0.057603598
-1,-1,155,-1,0.057603598
-1,0,154,-1,0.057603598
-1,0,154,0,0.057603598
-1,0,154,-2,0.057603598
-1,-1,155,-1,0.067605019
0,-1,155,-1,0.067605019
0,-1,155,-1,0.067605019
-1,-1,155,-1,0.067605019
-1,-1,155,-1,0.067605019
-1,-1,154,-2,0.067605019
-2,-1,155,-2,0.067605019
-1,-1,155,-2,0.067605019
-1,-1,155,-2,0.077604294
-1,-1,154,-2,0.077604294
-1,-1,153,-1,0.077604294
0,-1,154,-2,0.077604294
-1,-1,154,-2,0.077604294
-2,-1,155,-2,0.077604294
-1,-1,155,-1,0.077604294
-1,-1,155,-1,0.077604294
-1,-1,155,-2,0.077604294
-1,-2,155,-2,0.08762455
-1,-1,154,-2,0.08762455
-1,-1,154,-2,0.08762455
1,-1,153,-1,0.08762455
-1,0,154,-1,0.08762455
-1,-1,154,-1,0.08762455
-1,-1,154,-1,0.08762455
-1,0,141,-1,0.097603083
0,0,127,-1,0.097603083
0,-1,110,-1,0.097603083
-1,-1,89,-2,0.097603083
-1,0,70,-2,0.097603083
0,-1,52,-1,0.097603083
-1,-1,32,-1,0.097603083
-2,0,11,-1,0.097603083
0,-1,7,-1,0.097603083
-1,-1,6,-2,0.097603083
-1,-1,6,-1,0.107603073
-1,-1,6,-1,0.107603073
-1,-1,6,-2,0.107603073
-1,-2,6,-2,0.107603073
-1,-1,6,-1,0.107603073
-1,-1,6,-2,0.006385565
-1,-2,6,-2,0.006385565
-1,-1,6,-2,0.006385565
-1,-1,7,-1,0.006385565
0,-1,9,-2,0.006385565
-2,-1,11,-1,0.006385565
-1,-1,13,-1,0.01636219
0,-1,18,-2,0.01636219
-1,-1,23,-1,0.01636219
-1,-1,29,-1,0.01636219
-2,-1,36,-2,0.01636219
-1,-2,45,-1,0.01636219
-1,-1,55,-1,0.01636219
-1,-1,64,-1,0.026363611
-1,-2,74,0,0.026363611
-1,-1,83,-1,0.026363611
-1,-1,92,-1,0.026363611
-1,-1,103,-2,0.026363611
-1,-1,111,-1,0.026363611
0,-1,120,-2,0.026363611
-1,-1,130,-1,0.036362171
-1,-1,140,-2,0.036362171
-1,-1,151,-2,0.036362171
-1,-1,154,-2,0.036362171
-1,-1,154,-1,0.036362171
-1,-1,155,-1,0.036362171
-1,-1,154,-1,0.036362171
-1,0,153,-1,0.046362638
-1,-1,155,-1,0.046362638
0,-1,153,-1,0.046362638
0,-1,154,-1,0.046362638
-1,-1,153,-1,0.046362638
-2,-1,154,-2,0.056362867
-2,-1,154,-1,0.056362867
-2,0,155,-1,0.056362867
-2,0,155,-1,0.056362867
-2,-1,154,-1,0.056362867
-1,0,154,-1,0.056362867
-1,0,154,0,0.056362867
-1,-1,154,-2,0.056362867
-1,-2,154,-2,0.056362867
-1,1,155,-1,0.066362143
-1,-1,154,-1,0.066362143
-1,-1,155,-1,0.066362143
-1,0,154,-1,0.066362143
-1,0,136,-1,0.066362143
-1,-1,112,-1,0.066362143
-1,-1,80,-1,0.066362143
-1,-1,40,-1,0.07636261
-2,-1,13,-2,0.07636261
-2,0,7,0,0.07636261
0,-1,4,6,0.017633915
-1,0,3,9,0.017633915
-1,-1,4,13,0.017633915
-1,-1,3,22,0.017633915
-2,-1,4,37,0.017633915
-1,-1,4,56,0.017633915
0,-1,3,79,0.017633915
-1,-2,3,104,0.027609825
-1,-2,3,127,0.027609825
-1,-2,4,148,0.027609825
-1,-1,3,166,0.027609825
-2,-2,4,184,0.027609825
-1,-1,4,200,0.027609825
-1,-1,4,214,0.027609825
-1,-1,4,229,0.037641048
0,-1,4,243,0.037641048
-1,-1,4,255,0.037641048
0,-1,3,267,0.037641048
0,-1,3,277,0.037641048
0,-1,3,287,0.037641048
-1,0,4,295,0.037641048
-1,-1,4,303,0.037641048
0,0,3,309,0.047610044
-1,-1,3,314,0.047610044
-1,-1,3,319,0.047610044
-1,0,3,321,0.047610044
-1,-1,3,324,0.047610044
-1,-1,3,325,0.047610044
-1,-2,4,323,0.057610273
0,-2,3,322,0.057610273
-1,-1,3,319,0.057610273
-1,0,3,316,0.057610273
-1,-2,3,310,0.057610273
-1,-1,3,302,0.057610273
-2,-1,3,290,0.057610273
-2,0,4,276,0.057610273
-1,-1,4,259,0.067610264
-1,-1,4,236,0.067610264
-1,-1,4,203,0.067610264
-1,-1,4,152,0.067610264
0,-1,4,79,0.067610264
0,-2,3,22,0.067610264
-2,-1,4,6,0.067610264
-1,-1,5,6,0.0079391
-2,-1,4,7,0.0079391
-1,-1,3,11,0.0079391
0,-1,4,15,0.0079391
-2,-1,5,23,0.0079391
-1,-1,3,33,0.0079391
-2,-1,3,45,0.0079391
0,-1,4,59,0.017853022
-1,-2,4,74,0.017853022
-1,-2,4,89,0.017853022
-1,0,4,103,0.017853022
-2,-1,4,117,0.017853022
-2,-1,4,130,0.017853022
-1,0,4,141,0.017853022
-1,-1,5,150,0.027853966
-1,0,4,160,0.027853966
0,-1,4,169,0.027853966
-1,0,4,177,0.027853966
-1,-1,4,185,0.027853966
-1,-1,4,191,0.027853966
-1,-1,5,198,0.027853966
-1,-1,4,205,0.027853966
-1,0,4,210,0.027853966
-1,-1,4,215,0.027853966
-1,1,4,218,0.027853966
-1,-1,4,222,0.027853966
-1,0,4,224,0.027853966
-1,-1,4,225,0.037853003
-1,-1,4,225,0.037853003
1,-1,4,224,0.037853003
0,-1,4,220,0.037853003
-1,-1,5,213,0.037853003
-1,-1,5,205,0.037853003
-1,-1,4,193,0.037853003
-1,-1,4,177,0.037853003
-1,-1,4,160,0.047852278
-1,-1,4,138,0.047852278
-1,-1,4,105,0.047852278
0,-1,4,64,0.047852278
-1,-1,4,26,0.047852278
-1,-1,5,11,0.047852278
0,-1,4,6,0.007513046
-1,0,3,11,0.007513046
-1,-2,4,16,0.007513046
-1,0,3,26,0.017289639
0,-1,4,40,0.017289639
-1,-1,4,57,0.017289639
-1,0,3,76,0.017289639
0,-1,4,94,0.017289639
-1,0,3,112,0.027289391
-1,0,4,131,0.027289391
-1,-1,4,148,0.027289391
-1,-1,4,165,0.027289391
-1,-1,4,181,0.027289391
-1,-2,4,195,0.027289391
0,-1,4,208,0.027289391
-1,-1,4,219,0.037327766
-1,0,3,231,0.037327766
-1,-1,3,240,0.037327766
-1,-1,4,250,0.037327766
-1,-1,4,260,0.037327766
-1,-1,4,268,0.047303677
-1,-1,4,275,0.047303677
-1,-2,4,281,0.047303677
-1,-1,3,286,0.047303677
-1,-1,4,290,0.047303677
-1,0,4,292,0.047303677
-2,0,3,292,0.057291508
-1,-1,4,291,0.057291508
0,-1,3,289,0.057291508
-1,-2,3,285,0.057291508
-1,-1,3,278,0.057291508
-1,-1,3,268,0.057291508
-1,-1,3,252,0.067290306
-1,0,4,229,0.067290306
-1,0,4,203,0.067290306
-1,-1,3,173,0.067290306
-1,-1,4,132,0.067290306
-1,-1,3,76,0.067290306
-1,-1,3,35,0.067290306
-2,-1,4,9,0.067290306
-1,-1,4,6,0.007257462
-2,-1,4,8,0.007257462
-1,-1,3,12,0.007257462
-1,1,4,19,0.007257462
-1,-1,3,29,0.007257462
-1,-2,3,43,0.007257462
-1,-2,3,59,0.007257462
-1,-1,4,79,0.017226934
-2,-1,3,96,0.017226934
-1,-1,4,114,0.017226934
-1,1,4,132,0.017226934
-1,-1,3,146,0.017226934
-1,0,4,160,0.017226934
-2,-1,4,173,0.017226934
-1,-2,3,186,0.027226925
-1,-2,4,194,0.027226925
-1,-1,4,203,0.027226925
-1,-1,3,209,0.027226925
-2,0,4,214,0.027226925
-1,-1,4,216,0.027226925
-1,-1,4,216,0.027226925
-1,-1,4,216,0.027226925
-1,-2,3,212,0.027226925
-1,-1,4,206,0.027226925
-1,-2,3,197,0.027226925
-1,0,4,182,0.037228107
-1,-1,4,160,0.037228107
-1,-1,4,132,0.037228107
-1,-1,3,98,0.037228107
-1,-1,4,53,0.037228107
-1,0,4,27,0.037228107
-1,-1,3,11,0.037228107
-2,-1,3,6,0.002361059
-1,-2,4,9,0.002361059
0,-1,4,15,0.002361059
0,-1,3,26,0.002361059
-1,0,4,40,0.002361059
-1,-1,4,52,0.002361059
-2,0,3,68,0.012276888
-1,-1,3,83,0.012276888
-1,0,3,100,0.012276888
-1,-1,4,117,0.012276888
-1,-2,3,132,0.012276888
-1,-1,4,148,0.012276888
-1,-1,4,162,0.012276888
-1,-1,4,174,0.012276888
-1,-1,3,186,0.012276888
-1,-1,4,196,0.02227664
0,0,4,203,0.02227664
-2,-2,3,210,0.02227664
-1,-1,4,215,0.02227664
-1,-2,4,219,0.02227664
0,0,3,225,0.02227664
-1,-1,3,229,0.02227664
-1,-1,3,233,0.02227664
-1,0,4,236,0.032276869
-1,-1,4,238,0.032276869
0,-2,3,240,0.032276869
-1,-2,4,241,0.032276869
0,-1,4,241,0.032276869
-1,-1,3,240,0.032276869
-1,-1,3,238,0.032276869
-1,-1,3,235,0.032276869
-1,-1,3,231,0.042277813
-1,-1,3,224,0.042277813
-1,-1,4,215,0.042277813
-1,-1,3,204,0.042277813
-1,-1,3,192,0.042277813
-1,-1,3,177,0.042277813
-1,0,3,158,0.042277813
-1,-1,3,135,0.042277813
-1,0,4,100,0.042277813
-1,-1,4,60,0.052308321
-1,-2,3,32,0.052308321
-1,-1,3,14,0.052308321
-2,-1,4,6,0.003214121
-1,-2,3,9,0.003214121
-2,-1,3,17,0.003214121
0,-1,3,28,0.01299572
-1,1,4,43,0.01299572
-1,-1,4,60,0.01299572
0,-1,3,79,0.01299572
-1,-1,4,95,0.01299572
-1,-1,3,112,0.01299572
-2,-1,3,127,0.022993326
-1,0,3,143,0.022993326
-1,0,3,159,0.022993326
-2,-2,3,175,0.022993326
-1,-2,4,189,0.022993326
-1,-1,4,204,0.032993793
-1,-1,3,218,0.032993793
-1,-1,3,230,0.032993793
-1,-1,4,243,0.032993793
-1,-1,4,254,0.032993793
-1,-1,4,264,0.032993793
-1,-1,4,273,0.042993307
-1,-1,4,282,0.042993307
-1,-1,3,289,0.042993307
-1,-1,4,294,0.042993307
-1,-1,4,300,0.042993307
0,-1,4,304,0.052994251
-1,-1,4,307,0.052994251
0,-1,3,309,0.052994251
-1,-1,3,309,0.052994251
-1,-1,4,305,0.052994251
-1,-1,4,299,0.052994251
-1,-1,4,290,0.052994251
-1,0,3,275,0.052994251
-1,-1,4,259,0.052994251
-1,-1,4,239,0.062992096
-1,-1,3,210,0.062992096
-1,-1,3,176,0.062992096
-1,-1,3,132,0.062992096
-2,0,4,85,0.062992096
-1,-1,3,36,0.062992096
0,0,3,7,0.062992096
-1,-1,3,6,0.007026672
-1,0,4,9,0.007026672
-1,0,4,17,0.007026672
-1,-1,4,30,0.016801357
-1,0,5,48,0.016801357
-2,-1,4,70,0.016801357
-1,1,3,92,0.016801357
-1,-1,3,113,0.016801357
-2,-1,3,133,0.026803732
-2,-1,3,152,0.026803732
-2,-1,4,168,0.026803732
-1,-1,4,183,0.026803732
-1,-1,4,196,0.026803732
0,-1,4,209,0.026803732
-1,-1,4,219,0.026803732
-1,-1,4,229,0.036801815
-1,-1,4,239,0.036801815
0,0,4,249,0.036801815
-2,0,4,259,0.036801815
-1,-1,3,269,0.036801815
-1,0,4,277,0.036801815
-1,0,4,285,0.036801815
-1,-1,4,294,0.046800375
0,-2,4,302,0.046800375
-1,-1,4,308,0.046800375
-1,-2,3,315,0.046800375
-1,-1,4,320,0.046800375
-1,0,4,325,0.046800375
-1,-1,4,329,0.046800375
-1,-1,4,329,0.046800375
-1,-2,4,331,0.056802273
0,-1,4,329,0.056802273
-1,-2,5,328,0.056802273
-1,-2,3,326,0.056802273
-1,-1,4,321,0.056802273
-1,-1,4,316,0.056802273
-1,-1,4,308,0.066800833
-1,-1,4,297,0.066800833
-1,-1,3,284,0.066800833
-1,-1,4,267,0.066800833
-1,-1,3,246,0.066800833
-1,-1,3,220,0.066800833
-1,-1,4,188,0.066800833
-1,-1,4,143,0.076804638
-1,-1,3,92,0.076804638
-1,-1,4,33,0.076804638
-1,-1,4,12,0.076804638
-1,-1,3,6,0.00604248
-1,-1,3,10,0.00604248
0,-1,4,19,0.00604248
-2,-1,4,33,0.00604248
-1,-1,3,52,0.015823364
-1,-1,4,75,0.015823364
0,-1,3,96,0.015823364
-1,-1,3,115,0.015823364
0,-1,3,133,0.015823364
-1,-1,3,148,0.025823593
-2,-1,3,162,0.025823593
-1,0,4,175,0.025823593
-1,0,3,187,0.025823593
-1,-1,3,198,0.025823593
-1,-1,4,208,0.025823593
-1,-1,4,219,0.025823593
-1,-1,3,229,0.025823593
-1,-1,4,240,0.035822392
-1,-1,3,251,0.035822392
-1,-1,4,262,0.035822392
-1,-1,3,274,0.035822392
-1,0,3,284,0.035822392
-1,-1,4,294,0.045822382
-1,-1,4,304,0.045822382
-1,-1,4,313,0.045822382
-1,-2,3,321,0.045822382
-1,-1,4,328,0.045822382
-1,-1,3,335,0.045822382
-1,-1,4,341,0.045822382
-1,-1,3,346,0.045822382
-1,-1,3,351,0.055820704
0,-2,4,355,0.055820704
0,-1,4,358,0.055820704
0,-2,4,361,0.055820704
-1,0,3,362,0.055820704
-1,-1,3,364,0.055820704
-1,-1,4,363,0.055820704
-1,-1,4,362,0.055820704
-1,-1,3,360,0.066407204
-1,-1,3,358,0.070424557
-1,0,4,353,0.070424557
-1,0,3,348,0.071393251
-1,0,3,339,0.072389841
-1,-1,4,328,0.073477745
-1,-1,3,312,0.073477745
-1,-1,3,291,0.074513197
-1,0,4,264,0.076509953
-1,-1,3,230,0.079465389
-1,-1,3,189,0.080480099
0,0,4,137,0.081484556
-1,-1,3,79,0.082456827
-2,-1,3,24,0.083323479
0,-1,4,6,0.006723166
-1,-1,4,8,0.006723166
-1,-1,4,15,0.006723166
-1,-1,4,25,0.016500473
-1,-2,3,41,0.016500473
-1,-1,4,60,0.016500473
-2,-1,5,81,0.016500473
-1,-2,4,102,0.016500473
-1,-2,4,121,0.026539803
-1,-2,3,140,0.026539803
-1,0,3,156,0.026539803
-1,-2,4,172,0.026539803
-1,0,3,189,0.026539803
0,-1,3,203,0.026539803
-1,-1,4,216,0.026539803
-1,-1,4,229,0.026539803
-2,-1,4,243,0.036531687
-2,0,4,253,0.036531687
-1,-1,4,263,0.036531687
0,-1,4,274,0.036531687
0,-2,3,283,0.036531687
-1,-1,4,291,0.036531687
-1,-1,4,300,0.046499252
-1,0,3,308,0.046499252
0,-1,4,315,0.046499252
-1,0,3,322,0.046499252
-1,-1,3,329,0.046499252
-2,-1,4,335,0.046499252
-1,-1,4,341,0.046499252
-1,-1,4,346,0.046499252
-1,0,4,350,0.046499252
-1,-1,4,354,0.046499252
-1,-1,3,358,0.046499252
0,-1,4,361,0.046499252
0,-1,3,364,0.046499252
-1,-1,4,365,0.056498051
0,-2,4,368,0.056498051
-1,-1,3,370,0.056498051
-1,-1,4,372,0.056498051
-1,-1,4,372,0.056498051
0,-1,3,372,0.056498051
1,-1,4,372,0.056498051
-1,-1,4,372,0.056498051
-1,0,4,371,0.066512823
-1,-1,3,371,0.066512823
-1,0,4,369,0.066512823
-1,0,4,367,0.066512823
-1,-1,4,366,0.066512823
-2,0,4,362,0.066512823
-1,-1,4,357,0.066512823
-1,-1,3,350,0.066512823
-1,-1,3,342,0.07649827
-1,-1,3,330,0.07649827
0,-1,3,318,0.07649827
-1,-1,4,305,0.07649827
-2,-1,4,287,0.07649827
-2,-1,4,265,0.07649827
-1,0,4,239,0.07649827
-1,-1,4,206,0.07649827
-1,-2,4,164,0.086497784
0,-1,4,101,0.086497784
-2,-1,3,37,0.086497784
-2,-2,6,-2,0.00261116
-1,-1,6,-1,0.00261116
-1,-1,5,6,0.00261116
-1,-1,4,9,0.012388945
-2,-1,4,15,0.012388945
-2,0,4,25,0.012388945
-1,-1,5,38,0.012388945
0,-2,5,53,0.012388945
-1,0,4,70,0.012388945
-1,-1,5,90,0.012388945
0,0,5,111,0.022393942
-1,-1,4,128,0.022393942
-1,0,5,148,0.022393942
-1,1,4,165,0.022393942
-2,-1,5,181,0.022393942
-1,-1,4,196,0.022393942
-1,-2,5,211,0.022393942
0,-2,4,224,0.022393942
-1,-1,4,236,0.022393942
-1,0,5,247,0.022393942
-1,0,4,257,0.022393942
0,-2,5,267,0.022393942
-1,-1,4,276,0.032385588
-1,-1,4,285,0.032385588
-1,-1,5,293,0.032385588
-1,-1,5,300,0.032385588
0,-2,5,307,0.032385588
0,-1,5,313,0.032385588
0,-1,5,318,0.032385588
-1,-1,5,322,0.032385588
-1,-2,4,326,0.04238677
-1,0,5,330,0.04238677
-1,0,3,332,0.04238677
0,-1,5,335,0.04238677
-1,-1,4,337,0.04238677
0,-1,5,338,0.04238677
0,-1,5,338,0.04238677
-2,-1,4,338,0.04238677
-1,0,4,337,0.052386522
-1,0,5,333,0.052386522
-1,-1,5,328,0.052386522
-1,-2,4,322,0.052386522
-1,-2,5,312,0.052386522
-2,0,4,299,0.052386522
-1,-1,5,281,0.052386522
-1,-1,4,255,0.052386522
0,1,5,224,0.062386513
-2,-2,4,181,0.062386513
-1,-1,4,111,0.062386513
-2,-1,5,35,0.062386513
-2,-1,6,0,0.062386513
-1,-1,6,-1,0.062386513
-2,-1,6,-1,0.006225109
-1,0,6,-1,0.006225109
-2,0,6,-1,0.006225109
-1,-1,6,-1,0.015994787
-1,0,6,-1,0.015994787
0,-1,6,-1,0.015994787
-1,-1,6,-1,0.015994787
-2,-1,6,-1,0.015994787
-1,-1,6,-1,0.015994787
-2,0,6,-1,0.025991917
-1,-1,6,-1,0.025991917
-1,-1,6,-1,0.025991917
-1,-1,6,-1,0.025991917
-1,-1,6,-1,0.025991917
-1,-1,6,-1,0.035994291
-1,0,6,-1,0.035994291
-1,-1,6,-1,0.035994291
-1,0,6,1,0.035994291
0,-1,7,3,0.035994291
-1,1,9,5,0.035994291
0,1,15,7,0.045992136
0,1,23,9,0.045992136
2,2,34,13,0.045992136
4,2,45,16,0.045992136
5,2,57,16,0.045992136
7,3,69,17,0.045992136
9,3,80,17,0.045992136
10,1,89,18,0.045992136
12,2,97,18,0.045992136
15,2,105,18,0.055993557
16,1,112,19,0.055993557
17,3,118,20,0.055993557
19,1,124,21,0.055993557
19,2,129,22,0.055993557
21,2,133,23,0.055993557
21,1,136,23,0.055993557
22,1,138,24,0.066017628
23,2,138,25,0.066017628
23,1,139,24,0.066017628
22,1,137,26,0.066017628
22,1,136,26,0.066017628
21,1,131,25,0.066017628
20,1,123,25,0.066017628
17,1,111,24,0.066017628
14,1,96,21,0.066017628
9,1,75,19,0.066017628
3,0,49,13,0.066017628
1,1,19,10,0.066017628
0,-2,7,4,0.066017628
0,-1,6,-1,0.066017628
0,-1,6,-1,0.075992107
-2,-1,6,0,0.075992107
0,-1,6,-1,0.075992107
-1,-1,6,-1,0.075992107
-1,-1,6,-1,0.075992107
-2,-1,6,-1,0.075992107
-1,-1,6,-1,0.075992107
-2,-1,6,-1,0.075992107
-2,-1,6,-1,0.075992107
-1,-1,6,-1,0.085991144
-2,0,6,0,0.085991144
-2,0,6,-1,0.085991144
-1,-1,6,-1,0.085991144
-2,0,6,-1,0.085991144
-1,-2,6,0,0.085991144
-1,0,6,-1,0.085991144
-2,-1,6,-2,0.432380915
-2,-1,6,-1,0.017230749
0,0,6,1,0.017230749
0,1,6,0,0.017230749
0,0,7,2,0.017230749
0,0,10,4,0.027012825
1,1,15,7,0.027012825
1,1,23,9,0.027012825
2,2,33,11,0.027012825
4,3,43,15,0.027012825
6,2,52,16,0.027012825
8,2,62,19,0.037012815
9,2,69,20,0.037012815
11,2,76,21,0.037012815
12,3,83,21,0.037012815
14,3,90,23,0.037012815
16,4,97,23,0.037012815
19,4,104,24,0.037012815
21,4,110,23,0.037012815
22,5,116,25,0.037012815
24,5,122,25,0.037012815
27,5,126,24,0.037012815
27,6,131,25,0.037012815
29,5,135,25,0.047012329
29,6,137,26,0.047012329
31,5,139,26,0.047012329
32,6,140,27,0.047012329
32,6,140,27,0.047012329
32,6,140,28,0.047012329
33,5,140,28,0.047012329
32,5,139,28,0.047012329
33,6,139,28,0.047012329
31,4,136,27,0.057010889
31,3,133,27,0.057010889
29,3,129,26,0.057010889
27,2,125,25,0.057010889
25,2,118,24,0.057010889
22,2,109,22,0.057010889
18,2,97,21,0.057010889
13,1,78,16,0.057010889
7,2,58,12,0.067011833
3,1,28,10,0.067011833
1,0,9,6,0.067011833
-2,-1,6,-1,0.067011833
-1,-1,6,-1,0.067011833
-1,-1,6,-2,0.067011833
-1,-1,6,-2,0.067011833
-2,-1,6,-1,0.067011833
-1,-2,6,-1,0.067011833
-1,-1,6,-1,0.077012062
-2,-1,6,-1,0.077012062
-1,0,6,-1,0.077012062
0,-1,6,-1,0.077012062
-1,-1,6,-1,0.077012062
-1,-1,6,-1,0.077012062
-1,-1,6,-1,0.006058455
-1,-1,6,-1,0.006058455
-1,-1,6,-1,0.006058455
-1,-1,6,-1,0.01584816
0,-1,6,1,0.01584816
-1,-1,6,2,0.01584816
0,-1,7,5,0.01584816
-1,-1,10,8,0.01584816
0,-1,16,12,0.025848627
1,1,26,17,0.025848627
1,0,37,19,0.025848627
2,1,50,22,0.025848627
3,1,63,24,0.025848627
4,1,74,24,0.025848627
4,0,86,26,0.035850286
6,1,96,27,0.035850286
6,0,107,29,0.035850286
7,1,117,30,0.035850286
9,0,127,31,0.035850286
9,0,136,32,0.035850286
10,0,145,32,0.035850286
10,1,154,33,0.045846939
12,1,154,34,0.045846939
13,1,155,35,0.045846939
13,0,154,36,0.045846939
13,1,154,36,0.045846939
13,1,154,36,0.045846939
14,-1,155,37,0.045846939
14,1,154,37,0.045846939
14,0,154,38,0.045846939
14,1,155,37,0.045846939
13,1,154,36,0.055864334
13,1,155,37,0.055864334
11,1,154,35,0.055864334
11,0,154,35,0.055864334
8,0,155,34,0.055864334
7,0,150,32,0.055864334
5,1,127,30,0.055864334
2,1,98,25,0.055864334
1,0,57,21,0.065847158
0,0,20,12,0.065847158
0,0,5,7,0.065847158
-1,0,6,-1,0.065847158
-1,0,6,-1,0.065847158
-2,0,6,-1,0.065847158
-1,-1,6,0,0.065847158
-1,1,6,4,3.96E-05
-1,1,5,7,3.96E-05
0,0,8,11,3.96E-05
1,0,10,16,3.96E-05
0,0,19,18,3.96E-05
0,1,26,22,3.96E-05
1,1,35,24,3.96E-05
2,1,42,26,0.010040283
3,1,49,29,0.010040283
4,2,55,30,0.010040283
5,2,63,33,0.010040283
6,2,69,35,0.010040283
7,2,75,36,0.010040283
8,3,82,38,0.010040283
10,4,88,40,0.020039797
11,4,93,42,0.020039797
12,4,99,43,0.020039797
12,5,104,45,0.020039797
12,6,108,47,0.020039797
13,6,111,48,0.020039797
14,5,113,49,0.020039797
14,6,115,50,0.020039797
13,5,116,51,0.030041218
13,5,116,51,0.030041218
13,4,115,52,0.030041218
11,4,113,53,0.030041218
11,3,111,51,0.030041218
9,2,104,51,0.030041218
8,2,94,51,0.030041218
6,1,82,49,0.030041218
3,0,68,46,0.040039539
2,1,53,44,0.040039539
1,1,37,40,0.040039539
1,1,19,34,0.040039539
0,1,5,21,0.040039539
-1,-1,4,9,0.040039539
-2,-1,6,-1,0.006427526
-1,0,6,-1,0.006427526
-1,1,6,0,0.006427526
-1,1,6,2,0.016253948
0,1,7,5,0.016253948
0,1,10,8,0.016253948
1,2,15,9,0.016253948
2,3,21,11,0.026250362
3,4,29,12,0.026250362
5,5,36,13,0.026250362
7,6,44,15,0.026250362
8,7,51,16,0.026250362
10,8,59,16,0.026250362
12,10,67,18,0.036220312
14,11,72,18,0.036220312
15,12,79,19,0.036220312
17,13,84,20,0.036220312
20,13,90,21,0.036220312
22,14,95,21,0.036220312
23,15,100,22,0.036220312
26,15,105,23,0.046219349
26,16,111,24,0.046219349
27,17,114,25,0.046219349
29,16,119,26,0.046219349
31,17,123,27,0.046219349
32,17,127,28,0.046219349
33,17,131,29,0.046219349
34,18,134,30,0.046219349
35,18,136,30,0.046219349
35,16,139,30,0.046219349
35,17,139,31,0.056219339
35,16,141,31,0.056219339
34,16,141,30,0.056219339
33,16,139,32,0.056219339
31,16,136,29,0.056219339
29,16,131,29,0.056219339
26,15,126,28,0.056219339
23,15,116,27,0.066219568
19,14,103,25,0.066219568
16,12,85,23,0.066219568
11,10,67,17,0.066219568
5,5,44,15,0.066219568
1,3,22,12,0.066219568
-1,2,7,8,0.066219568
-1,0,6,-1,0.066219568
-1,-1,6,2,0.01362586
0,0,6,4,0.01362586
0,-1,7,6,0.01362586
1,0,10,9,0.01362586
0,1,16,10,0.023403883
1,1,21,12,0.023403883
2,3,29,13,0.023403883
4,3,37,15,0.023403883
6,4,45,16,0.023403883
7,4,51,17,0.033432961
9,4,58,19,0.033432961
10,4,64,19,0.033432961
11,7,69,21,0.033432961
12,7,75,21,0.033432961
14,8,81,23,0.033432961
16,8,86,24,0.033432961
16,9,92,26,0.033432961
17,9,97,28,0.043402433
18,10,100,28,0.043402433
19,10,101,29,0.043402433
19,9,102,30,0.043402433
18,11,102,30,0.043402433
17,10,101,30,0.043402433
16,11,97,31,0.053403854
16,9,93,31,0.053403854
14,9,86,30,0.053403854
12,8,79,30,0.053403854
11,6,70,29,0.053403854
8,4,62,26,0.053403854
6,3,51,25,0.053403854
3,2,34,17,0.053403854
0,1,20,14,0.053403854
0,1,7,9,0.063403606
3,6,4,-2,0.007602453
6,9,6,-3,0.007602453
10,10,11,-2,0.007602453
15,13,17,-2,0.007602453
24,14,22,-2,0.007602453
32,17,29,-2,0.017603159
39,19,38,-2,0.017603159
47,21,44,-1,0.017603159
54,22,51,-1,0.017603159
59,24,58,-1,0.017603159
65,25,62,0,0.017603159
70,26,67,2,0.017603159
73,28,73,1,0.027603865
77,28,77,3,0.027603865
80,29,82,2,0.027603865
83,29,86,3,0.027603865
84,30,89,4,0.027603865
86,31,93,3,0.027603865
87,31,94,3,0.027603865
87,31,96,3,0.037603378
88,31,98,3,0.037603378
87,31,98,4,0.037603378
86,32,97,3,0.037603378
83,31,95,3,0.037603378
80,31,93,2,0.037603378
75,30,86,1,0.037603378
68,29,82,1,0.037603378
60,27,74,-1,0.04760313
52,26,62,-1,0.04760313
39,21,47,-2,0.04760313
21,19,23,-2,0.04760313
7,13,3,-2,0.04760313
6,0,6,-2,0.005882502
10,2,11,-1,0.005882502
16,4,17,-2,0.005882502
23,5,26,-2,0.005882502
29,6,35,-3,0.005882502
36,8,45,-2,0.005882502
42,8,53,-1,0.015859365
46,9,62,-2,0.015859365
51,10,71,-2,0.015859365
55,12,80,-2,0.015859365
59,10,87,-3,0.015859365
63,12,94,-2,0.015859365
68,11,101,-2,0.015859365
71,11,108,-1,0.015859365
74,10,113,-1,0.025858879
77,10,117,-1,0.025858879
79,9,121,-1,0.025858879
81,10,125,-2,0.025858879
83,8,128,-2,0.025858879
82,9,129,-1,0.025858879
82,8,128,-2,0.025858879
79,9,127,-2,0.035859108
76,8,122,-2,0.035859108
69,6,112,-3,0.035859108
62,6,96,-2,0.035859108
52,4,65,-2,0.035859108
39,1,23,-1,0.035859108
19,0,7,-2,0.035859108
2,6,2,0,0.006118298
3,7,3,1,0.006118298
5,8,5,2,0.006118298
6,10,5,3,0.015925884
8,11,6,3,0.015925884
11,12,8,4,0.015925884
12,15,9,5,0.015925884
14,16,10,5,0.015925884
16,17,11,7,0.015925884
19,19,12,7,0.025895596
20,20,14,6,0.025895596
21,23,16,7,0.025895596
24,25,17,8,0.025895596
25,29,19,8,0.035895109
28,32,20,9,0.035895109
30,35,23,9,0.035895109
33,39,25,9,0.035895109
34,43,26,11,0.035895109
35,48,27,11,0.035895109
38,51,29,11,0.045897007
38,56,29,11,0.045897007
40,60,30,11,0.045897007
42,63,31,12,0.045897007
43,66,31,12,0.045897007
45,68,31,11,0.055896282
44,70,32,11,0.055896282
47,71,33,11,0.055896282
47,72,34,12,0.055896282
49,71,34,12,0.055896282
49,71,34,13,0.055896282
49,70,37,13,0.055896282
49,67,35,12,0.055896282
48,65,34,12,0.055896282
47,62,34,12,0.055896282
43,59,33,12,0.065894127
39,56,30,11,0.065894127
34,51,27,11,0.065894127
25,46,22,9,0.065894127
17,37,14,7,0.065894127
8,28,6,2,0.065894127
0,20,1,-1,0.065894127
-1,-2,6,-1,0.00510788
-1,-2,6,-1,0.00510788
-1,-3,6,-2,0.00510788
-1,-1,7,-1,0.00510788
0,-2,6,-2,0.00510788
-1,-2,6,-1,0.00510788
-1,-2,6,-1,0.015085459
-1,-2,8,0,0.015085459
0,-3,8,0,0.015085459
-1,-2,10,-1,0.015085459
-1,-3,7,-2,0.015085459
6,4,4,-1,0.015085459
9,7,1,-2,0.015085459
9,11,0,-1,0.025088549
12,13,-1,-2,0.025088549
12,14,-1,-2,0.025088549
14,15,0,-1,0.025088549
14,15,0,-2,0.025088549
13,13,-1,-2,0.025088549
13,13,-1,-3,0.025088549
8,12,-1,-2,0.025088549
5,11,-1,-2,0.035084963
7,9,-1,-2,0.035084963
8,8,0,-2,0.035084963
7,7,-1,-2,0.035084963
10,8,-1,-1,0.035084963
8,6,0,-2,0.035084963
6,7,-1,-2,0.035084963
6,7,-1,-2,0.04508543
2,8,-1,-2,0.04508543
2,9,-1,-2,0.04508543
2,9,0,-1,0.04508543
3,8,-1,-2,0.04508543
4,9,-1,-2,0.04508543
6,7,-1,-2,0.04508543
6,6,-1,-2,0.04508543
4,6,-1,-2,0.055086136
-2,-2,6,-2,0.006897211
-1,-2,6,-1,0.006897211
0,-2,7,-1,0.006897211
0,-2,6,0,0.016673565
6,3,2,-2,0.016673565
7,5,0,-2,0.016673565
8,9,0,-2,0.016673565
10,11,0,-2,0.026674032
12,12,0,-2,0.026674032
11,11,-1,-2,0.026674032
11,11,0,-2,0.026674032
5,11,0,-2,0.026674032
4,10,-1,-2,0.026674032
4,8,0,-2,0.0366745
6,4,0,-1,0.0366745
2,6,0,-2,0.0366745
0,6,0,-2,0.0366745
1,6,0,-2,0.0366745
0,7,0,-2,0.046674252
1,8,-1,-2,0.046674252
2,9,0,-2,0.046674252
2,10,0,-1,0.046674252
2,9,0,-2,0.046674252
2,10,-1,-1,0.046674252
1,11,0,-2,0.046674252
0,11,-1,-2,0.046674252
0,11,-1,-2,0.046674252
0,8,-1,-2,0.058092356
-1,9,0,-2,0.061874866
0,7,-1,-1,0.061874866
-1,8,-1,-1,0.062876701
0,6,-1,-2,0.06405282
-1,-2,6,5,0.006843567
-1,-1,6,5,0.006843567
-1,-2,8,7,0.006843567
-1,-2,9,8,0.006843567
0,-1,11,10,0.006843567
-1,-2,12,8,0.006843567
-1,-3,14,7,0.006843567
-1,-2,17,8,0.016844511
-1,-2,17,6,0.016844511
-1,-2,19,7,0.016844511
-2,-2,21,7,0.016844511
-1,-2,21,9,0.016844511
0,-2,19,8,0.016844511
-1,-2,17,8,0.016844511
0,-2,15,6,0.016844511
2,0,13,3,0.026843786
3,2,10,0,0.026843786
4,5,7,-2,0.026843786
7,8,6,-2,0.026843786
11,11,4,-1,0.026843786
15,15,2,-1,0.026843786
18,18,-1,-1,0.026843786
19,20,-1,-2,0.026843786
20,21,-1,-2,0.036844254
19,20,-1,-2,0.036844254
20,21,-1,-2,0.036844254
20,20,0,-3,0.036844254
17,19,-1,-1,0.036844254
16,17,-1,-1,0.036844254
9,18,-1,-2,0.036844254
8,16,-1,-1,0.036844254
8,12,0,-2,0.036844254
9,13,-1,-2,0.046848536
7,9,-1,-2,0.046848536
8,9,-1,-2,0.046848536
9,9,-1,-2,0.046848536
7,7,0,-2,0.046848536
5,8,-1,-1,0.046848536
0,7,-1,-2,0.046848536
1,7,-1,-2,0.046848536
0,6,-1,-2,0.056844234
2,8,-1,-1,0.056844234
2,7,-1,-2,0.056844234
3,8,-2,-2,0.056844234
1,6,-1,-2,0.056844234
-1,-1,6,-1,0.006578445
-1,-2,7,-1,0.006578445
-2,-2,8,-2,0.006578445
-1,-2,11,-1,0.006578445
-1,-2,13,-1,0.006578445
-1,-2,16,-1,0.006578445
-1,-2,17,-1,0.016492605
-1,-2,17,-1,0.016492605
-1,-3,18,-1,0.016492605
-2,-2,20,-1,0.016492605
-1,-2,20,-2,0.016492605
-1,-1,21,-1,0.016492605
-1,-1,24,0,0.016492605
-1,-2,27,-1,0.016492605
0,-2,27,-1,0.016492605
0,-2,29,0,0.026493788
0,-1,30,-1,0.026493788
1,-2,30,-1,0.026493788
3,-2,27,0,0.026493788
4,-2,29,-1,0.026493788
6,-1,27,-2,0.026493788
10,1,23,-1,0.026493788
15,4,21,-1,0.026493788
19,8,17,-2,0.036496878
25,13,11,-2,0.036496878
30,18,7,-2,0.036496878
33,22,3,-2,0.036496878
35,25,0,-2,0.036496878
34,27,0,-1,0.036496878
34,26,0,-2,0.036496878
34,29,-1,-2,0.036496878
33,30,-1,-2,0.036496878
32,27,-1,-2,0.046493769
32,24,0,-1,0.046493769
32,23,0,-2,0.046493769
25,22,0,-2,0.046493769
20,19,0,-3,0.046493769
17,18,0,-2,0.046493769
14,11,0,-1,0.046493769
15,10,0,-2,0.046493769
12,6,0,-1,0.056493998
8,7,0,-1,0.056493998
2,6,0,-2,0.056493998
3,8,0,-2,0.056493998
6,8,0,-2,0.056493998
7,9,0,-2,0.056493998
7,8,0,-2,0.056493998
6,6,-1,-2,0.056493998
-1,-2,6,0,0.002942324
-1,-2,7,0,0.002942324
-1,-1,12,1,0.002942324
-1,-3,13,0,0.012732267
-1,-2,14,0,0.012732267
-1,-2,11,0,0.012732267
0,-3,10,-2,0.012732267
1,-1,9,-2,0.012732267
2,0,8,-1,0.022732496
6,2,7,-3,0.022732496
11,4,2,-2,0.022732496
14,6,0,-2,0.022732496
16,9,0,-1,0.022732496
17,10,0,-1,0.032731533
17,8,0,-2,0.032731533
17,9,0,-2,0.032731533
13,9,0,-2,0.032731533
9,10,0,-2,0.042731285
9,8,0,-2,0.042731285
11,5,0,-2,0.042731285
11,5,0,-1,0.042731285
13,4,-1,-2,0.042731285
9,2,1,-2,0.042731285
4,6,0,-2,0.042731285
6,7,0,-1,0.042731285
8,6,0,-2,0.042731285
11,6,0,-2,0.052730799
10,5,1,-2,0.052730799
8,5,1,-2,0.052730799
8,2,-1,-2,0.052730799
-1,-1,1,6,0.003941298
-1,-2,2,6,0.003941298
-1,-2,2,6,0.003941298
-1,-2,3,6,0.003941298
-1,-1,3,6,0.003941298
-1,-2,3,6,0.003941298
-2,-1,2,6,0.013915539
-1,-1,3,6,0.013915539
-1,-2,4,6,0.013915539
-2,-2,6,6,0.013915539
0,-3,8,6,0.013915539
0,-3,10,8,0.013915539
-1,-2,10,8,0.013915539
0,-2,9,7,0.013915539
-1,-1,6,5,0.023915529
0,-1,6,2,0.023915529
0,0,6,0,0.023915529
5,6,5,-2,0.023915529
8,8,5,-1,0.023915529
12,12,0,-1,0.023915529
17,15,0,-2,0.023915529
19,16,-1,-2,0.023915529
20,17,0,-2,0.033915758
21,19,0,-2,0.033915758
22,20,-1,-1,0.033915758
22,21,0,-2,0.033915758
23,20,-1,-2,0.033915758
22,17,0,-2,0.033915758
22,18,0,-2,0.033915758
15,19,0,-2,0.045227051
12,16,0,-2,0.048247814
11,15,0,-2,0.049215317
11,11,-1,-2,0.05021286
9,8,-1,-2,0.051208973
11,7,0,-2,0.05220747
8,7,0,-2,0.053205013
8,7,0,-2,0.053205013
4,7,0,-2,0.055229664
1,8,1,-1,0.060214996
5,11,0,-2,0.061192513
4,12,0,-2,0.061192513
3,12,0,-2,0.062180758
4,12,0,-2,0.063178301
4,13,0,-2,0.065171719
6,12,0,-2,0.068194389
6,10,0,-2,0.069160938
6,11,0,-1,0.070158005
6,7,0,-1,0.071158648
3,7,0,-2,0.071158648
2,6,0,-2,0.072152853
0,6,0,-2,0.073475599
-1,-1,0,6,0.004345894
0,-2,0,6,0.004345894
-2,-3,-1,9,0.004345894
0,-2,1,10,0.004345894
-1,-2,1,10,0.01414299
-1,-2,1,9,0.01414299
-1,-2,1,11,0.01414299
-1,-2,3,10,0.01414299
0,-2,3,11,0.01414299
-2,-2,4,10,0.01414299
-1,-3,3,10,0.024152994
-2,-1,4,10,0.024152994
-2,-1,4,8,0.024152994
-1,-2,6,9,0.024152994
-1,-2,9,10,0.024152994
-1,-2,12,10,0.03412199
0,-2,13,11,0.03412199
-1,-2,16,10,0.03412199
-2,-2,18,12,0.03412199
-1,-2,19,12,0.03412199
-2,-2,17,9,0.03412199
-1,-2,14,7,0.04412055
-1,-1,13,3,0.04412055
0,-1,8,-1,0.04412055
2,1,6,-2,0.04412055
6,6,4,-1,0.04412055
9,9,3,-2,0.04412055
12,11,-1,-1,0.05412221
14,15,-1,-1,0.05412221
16,16,-1,-1,0.05412221
17,16,-1,-2,0.05412221
18,18,-1,-2,0.064120293
20,21,-1,-1,0.064120293
17,22,-1,-2,0.064120293
18,19,-1,-2,0.064120293
17,17,-1,-2,0.064120293
10,19,-1,-2,0.064120293
7,15,-1,-2,0.064120293
7,15,-1,-2,0.064120293
8,11,-1,-2,0.064120293
8,10,-1,-1,0.064120293
9,10,0,-2,0.074123144
8,10,-1,-2,0.074123144
6,11,-1,-2,0.074123144
6,14,-1,-2,0.074123144
6,17,0,-1,0.074123144
4,19,-1,-2,0.074123144
1,20,-1,-2,0.074123144
0,20,-1,-2,0.074123144
2,20,-1,-1,0.08411932
1,21,-1,-2,0.08411932
0,23,-1,-2,0.08411932
1,24,0,-2,0.08411932
1,25,-1,-2,0.08411932
1,24,0,-2,0.08411932
2,23,-1,-2,0.08411932
3,23,-1,-1,0.08411932
3,22,-1,-2,0.08411932
3,22,-1,-2,0.08411932
3,21,0,-2,0.08411932
2,18,-1,-1,0.08411932
3,17,-1,-2,0.08411932
1,15,-1,-2,0.094120741
0,14,-1,-2,0.094120741
0,13,-1,-2,0.094120741
-1,11,-1,-3,0.094120741
-1,11,-1,-1,0.094120741
0,8,-1,-2,0.094120741
0,6,0,-2,0.094120741
-1,-2,1,6,0.006920815
-2,-2,1,8,0.006920815
-2,-1,2,10,0.006920815
-1,-2,4,10,0.016779184
-1,-2,5,10,0.016779184
-1,-2,7,10,0.016779184
-2,-3,8,8,0.016779184
-1,-1,8,8,0.016779184
-1,-2,8,7,0.016779184
0,-2,7,7,0.026776314
0,-2,7,8,0.026776314
-1,-2,8,5,0.026776314
-1,-3,10,5,0.026776314
-1,-2,11,3,0.026776314
-1,-2,14,3,0.036777258
-1,-2,17,4,0.036777258
-2,-2,21,5,0.036777258
-1,-3,21,4,0.036777258
0,-3,20,4,0.036777258
0,-3,17,-1,0.036777258
0,-2,14,-1,0.036777258
2,-1,11,-1,0.036777258
5,0,10,-1,0.046775341
9,3,8,-2,0.046775341
16,6,3,-2,0.046775341
21,8,-1,-2,0.046775341
23,11,-1,-1,0.046775341
24,13,-1,-3,0.046775341
26,13,-1,-2,0.05677557
26,12,0,-2,0.05677557
26,15,-1,-2,0.05677557
28,16,-1,-2,0.05677557
25,15,0,-2,0.05677557
21,16,-1,-1,0.05677557
19,15,-1,-2,0.05677557
18,13,-1,-1,0.05677557
17,10,-1,-2,0.05677557
15,10,-1,-2,0.066776514
17,7,-1,-1,0.066776514
14,7,-1,-1,0.066776514
12,5,-1,-2,0.066776514
9,5,-1,-2,0.066776514
5,6,0,-2,0.066776514
4,8,-1,-2,0.066776514
6,9,-1,-1,0.076775789
6,10,0,-2,0.076775789
6,11,-1,-2,0.076775789
8,11,0,-2,0.076775789
8,12,0,-3,0.076775789
10,11,-2,-2,0.076775789
9,10,-1,-3,0.076775789
10,8,0,-2,0.076775789
10,8,-1,-1,0.076775789
9,6,-1,-2,0.076775789
8,7,0,-2,0.076775789
8,5,-1,-1,0.076775789
6,6,-1,-2,0.076775789
-1,-2,6,-2,0.007586241
-1,-1,8,-2,0.009613991
-1,-2,10,-2,0.010617018
-2,-1,13,-2,0.012614489
-1,-1,15,-1,0.014608383
-1,-1,16,-2,0.019030094
-1,-1,18,-2,0.02003479
-1,-2,17,-2,0.021064758
-1,-2,15,-1,0.024021149
0,-1,12,-2,0.025665998
-1,-1,9,-2,0.028748035
-1,-1,7,-2,0.030081272
-2,-1,0,6,0.031085491
-2,0,0,12,0.03208065
-2,-1,-1,19,0.034171581
-1,-1,0,24,0.034171581
-2,-1,0,27,0.034171581
-2,-1,0,28,0.034171581
-2,-1,-1,29,0.034171581
-2,-1,0,28,0.034171581
-2,0,0,28,0.034171581
-1,0,0,27,0.034171581
-2,-1,-1,23,0.034171581
0,0,-1,18,0.044171572
-2,0,0,17,0.044171572
-2,0,-1,14,0.044171572
-1,0,-1,8,0.044171572
-2,1,-1,7,0.044171572
-2,1,-1,6,0.044171572
-2,-1,6,-2,0.007361412
-3,-1,7,-2,0.007361412
-3,0,9,-1,0.007361412
-4,0,11,-2,0.007361412
-2,-1,12,-2,0.017224312
-3,0,12,-2,0.017224312
-3,-1,13,-1,0.017224312
-3,-1,14,-2,0.017224312
-3,-1,15,-2,0.017224312
-3,-1,14,-3,0.027224541
-2,-1,15,-2,0.027224541
-2,0,15,-2,0.027224541
-2,-2,14,-2,0.027224541
-3,-1,15,-2,0.027224541
-3,-1,15,-2,0.027224541
-2,-1,15,-2,0.027224541
-3,-2,15,-2,0.027224541
-3,-1,16,-2,0.037224054
-3,-2,16,-3,0.037224054
-3,-1,16,-3,0.037224054
-2,0,16,-2,0.037224054
-2,-1,15,-2,0.037224054
-2,-2,13,-2,0.047223091
-1,-1,13,-2,0.047223091
-1,-2,10,-3,0.047223091
-2,-1,10,-2,0.047223091
-2,0,14,-2,0.047223091
-3,-1,20,-2,0.047223091
-3,-1,27,-1,0.047223091
-3,-1,31,-1,0.047223091
-2,-1,32,-1,0.047223091
-1,-2,32,-1,0.047223091
-2,-1,30,-2,0.047223091
-2,-2,27,-2,0.047223091
-1,-2,19,-3,0.057258368
-1,-2,12,-2,0.057258368
-2,0,8,-3,0.057258368
-2,-1,6,-2,0.057258368
-2,-1,0,6,0.057258368
-2,0,-1,12,0.057258368
-3,-1,0,17,0.057258368
-3,-1,0,19,0.067222595
-3,-1,-1,21,0.067222595
-2,-1,-1,23,0.067222595
-2,-1,-1,25,0.067222595
-2,-2,0,26,0.067222595
-2,0,0,25,0.067222595
-2,0,0,20,0.067222595
-2,-1,-1,18,0.067222595
-1,-2,-1,15,0.067222595
-2,-2,-1,13,0.067222595
-2,-1,-1,10,0.067222595
-2,1,-1,8,0.067222595
-2,0,-1,7,0.067222595
-2,-1,0,7,0.077222824
-2,-1,-1,9,0.077222824
-2,0,0,9,0.077222824
-2,0,-1,9,0.077222824
-2,1,0,9,0.077222824
-1,2,-1,9,0.077222824
-2,4,-1,10,0.077222824
-2,4,-1,9,0.077222824
-2,4,-1,9,0.08722353
-2,4,0,10,0.08722353
-1,3,-2,11,0.08722353
-2,4,-1,10,0.08722353
-2,4,-1,10,0.08722353
-1,4,-1,12,0.08722353
-3,5,0,13,0.08722353
-2,4,0,12,0.097223282
-2,4,-1,12,0.097223282
-2,5,-1,13,0.097223282
-2,4,-1,14,0.097223282
-2,4,0,14,0.097223282
-2,4,-1,13,0.097223282
-1,4,-1,14,0.097223282
-2,4,-1,13,0.097223282
-3,4,0,13,0.107223749
-2,3,-1,14,0.107223749
-1,2,-1,12,0.107223749
-1,3,-1,13,0.107223749
-2,3,-1,12,0.107223749
-3,2,0,12,0.107223749
-2,3,-1,12,0.107223749
-1,2,-2,12,0.107223749
-2,3,-1,12,0.117237091
-2,2,-1,11,0.117237091
-2,2,0,11,0.117237091
-3,3,-1,12,0.117237091
-2,1,-1,10,0.117237091
-2,2,-1,9,0.117237091
-2,0,-1,9,0.117237091
-2,0,0,8,0.117237091
-3,0,-2,7,0.127223253
-2,-1,-1,6,0.127223253
-2,-1,-1,6,0.127223253
1,-1,6,-2,0.004503489
2,-1,7,-2,0.004503489
3,0,8,-2,0.004503489
3,-2,10,-2,0.014277935
3,-2,11,-2,0.014277935
3,-1,13,-1,0.014277935
4,-1,15,-1,0.014277935
4,-1,17,-2,0.014277935
5,-1,20,-2,0.014277935
4,-1,22,-2,0.024277449
5,-1,24,-2,0.024277449
5,-1,28,-2,0.024277449
6,-2,31,-2,0.024277449
6,-1,36,-1,0.024277449
7,-1,39,-2,0.024277449
7,-1,43,-2,0.024277449
6,-1,44,-2,0.024277449
5,-1,43,-2,0.034276485
3,0,40,-2,0.034276485
3,0,37,-2,0.034276485
2,-1,32,-2,0.034276485
1,-2,28,-3,0.034276485
1,-1,25,-2,0.034276485
1,0,20,-2,0.034276485
2,-2,15,-1,0.044275522
3,-1,13,-1,0.044275522
2,-1,10,-2,0.044275522
2,-1,7,-1,0.044275522
1,-2,6,-2,0.044275522
-1,-1,6,-2,0.007891893
0,-1,6,-2,0.007891893
1,-1,7,-1,0.007891893
0,0,8,-2,0.007891893
1,-1,9,-1,0.017890215
1,-1,9,-1,0.017890215
1,-1,10,-2,0.017890215
1,0,12,-2,0.017890215
1,-2,12,-2,0.017890215
2,-1,13,-2,0.027889967
2,0,13,-2,0.027889967
1,-2,14,-2,0.027889967
1,-1,14,-2,0.027889967
1,-2,14,-2,0.027889967
1,-1,15,-1,0.027889967
1,-1,16,-2,0.037890196
1,-1,18,-2,0.037890196
1,-2,21,-2,0.037890196
2,-2,25,-2,0.037890196
2,-1,29,-3,0.047889948
2,0,33,-2,0.047889948
3,0,34,-1,0.047889948
2,-1,35,-1,0.047889948
1,-1,33,-2,0.047889948
0,-1,34,-2,0.047889948
0,-1,33,-2,0.047889948
-1,-1,36,-2,0.047889948
-1,-2,34,-1,0.057889223
-1,-1,29,-2,0.057889223
-1,-1,18,-2,0.057889223
-1,-1,7,-2,0.057889223
-2,-1,0,6,0.057889223
-3,0,0,10,0.057889223
-2,-1,0,14,0.057889223
-2,-1,-1,12,0.057889223
-2,-1,0,10,0.06788969
-2,0,0,8,0.06788969
-2,1,0,6,0.06788969
-1,-1,0,6,0.06788969
-2,-1,0,6,0.06788969
-2,-1,0,6,0.06788969
-3,-1,-1,7,0.06788969
-2,-1,1,8,0.06788969
-3,0,0,7,0.077888966
-3,1,-1,7,0.077888966
-2,2,0,7,0.077888966
-2,3,0,7,0.077888966
-1,3,0,7,0.077888966
-3,3,0,7,0.077888966
-2,4,0,8,0.077888966
-1,4,0,8,0.077888966
-2,4,-1,9,0.077888966
-2,3,0,9,0.087889194
-2,3,0,10,0.087889194
-1,3,-1,10,0.087889194
-3,2,-1,10,0.087889194
-2,4,0,10,0.087889194
-2,3,0,9,0.087889194
-2,4,0,10,0.087889194
-3,3,-1,10,0.097888947
-3,2,-1,10,0.097888947
-2,2,-1,9,0.097888947
-2,2,-1,9,0.097888947
-2,2,0,10,0.097888947
-2,2,0,9,0.107890844
-2,3,0,9,0.11789012
-2,1,0,8,0.11789012
-2,2,-1,9,0.127892733
-2,1,0,9,0.137890339
-2,2,-1,9,0.147889137
-2,1,0,9,0.147889137
-1,1,-1,8,0.157889366
-3,1,-1,9,0.167889833
-2,1,-1,8,0.167889833
-1,1,1,8,0.177888632
-2,0,0,6,0.187889338
-1,-2,6,-2,0.006531715
0,-1,6,-2,0.006531715
-1,-1,6,-2,0.006531715
0,-1,7,-1,0.006531715
0,-1,8,-2,0.006531715
0,-1,9,-2,0.016446114
-1,-1,9,-1,0.016446114
0,-1,11,-2,0.016446114
1,-1,11,-2,0.016446114
0,-1,13,-1,0.016446114
0,-2,14,-2,0.016446114
0,-2,16,-1,0.016446114
1,-1,16,-2,0.026476622
1,0,17,-2,0.026476622
1,-1,17,-2,0.026476622
1,-1,16,-2,0.026476622
1,-1,17,-2,0.026476622
2,-1,19,-2,0.026476622
2,-1,22,-2,0.036478043
1,-1,21,-2,0.036478043
0,-1,19,-2,0.036478043
0,-1,15,-1,0.036478043
1,-1,11,-2,0.036478043
0,0,11,-1,0.036478043
-1,-1,10,-1,0.036478043
0,0,10,-1,0.046445608
0,-1,8,-2,0.046445608
-1,-1,7,-2,0.046445608
-2,0,0,6,0.046445608
-2,0,0,12,0.046445608
-2,1,0,15,0.046445608
-3,0,0,18,0.046445608
-3,-1,-1,18,0.056446552
-1,-1,0,16,0.056446552
-3,0,-1,16,0.056446552
-3,1,0,14,0.056446552
-2,0,0,7,0.056446552
-2,1,0,8,0.056446552
-2,2,0,6,0.056446552
-3,4,0,6,0.056446552
-1,3,0,6,0.056446552
-3,4,0,7,0.056446552
-2,4,0,8,0.056446552
-3,5,0,9,0.056446552
-2,5,-1,11,0.066476822
-2,6,0,13,0.066476822
-3,7,0,14,0.066476822
-3,5,-1,15,0.066476822
-2,6,-1,16,0.066476822
-3,5,0,18,0.066476822
-2,5,-1,18,0.066476822
-2,5,0,18,0.076444626
-2,5,0,19,0.076444626
-1,5,-2,19,0.076444626
-2,5,-1,20,0.076444626
-2,5,0,20,0.076444626
-2,5,0,18,0.086445808
-2,4,0,17,0.086445808
-1,4,0,15,0.096445084
-3,4,0,14,0.10647583
-2,3,-1,13,0.10647583
-2,3,0,11,0.116474628
-1,2,0,8,0.126476526
-2,1,0,7,0.126476526
3,-1,6,-2,0.016344309
4,-1,8,-2,0.016344309
5,-2,12,-2,0.016344309
7,-2,17,-1,0.026132822
8,-1,21,-2,0.026132822
8,-2,25,-2,0.026132822
7,-1,28,-2,0.026132822
6,-1,30,-2,0.026132822
3,-1,36,-2,0.026132822
2,-2,44,-1,0.026132822
2,-1,49,-2,0.026132822
1,-1,54,-2,0.026132822
0,-1,56,-2,0.026132822
0,-1,56,-2,0.026132822
-1,-1,57,-2,0.036130667
-1,-1,56,-1,0.036130667
-2,-2,55,-2,0.036130667
-2,-1,51,-1,0.036130667
-2,-1,46,-1,0.036130667
-2,0,39,-2,0.036130667
-1,-1,25,-2,0.036130667
-2,-2,13,-2,0.046145916
-2,-1,0,6,0.046145916
-3,0,0,13,0.046145916
-2,-2,0,14,0.046145916
-3,-1,0,9,0.046145916
-3,-2,0,7,0.046145916
-1,-1,6,-2,0.016590834
-1,-1,7,-2,0.016590834
-1,-1,8,-2,0.016590834
-1,-2,9,-1,0.016590834
-2,-1,11,-2,0.016590834
-1,-1,14,-2,0.026510954
-1,-1,13,-2,0.026510954
-2,0,13,-2,0.026510954
-1,0,11,-2,0.026510954
0,-1,9,-2,0.026510954
-1,0,6,-2,0.036512613
-2,-1,1,6,0.036512613
-3,-2,0,12,0.036512613
-2,0,1,17,0.036512613
-2,-1,1,19,0.036512613
-2,-1,1,18,0.036512613
-2,-2,0,15,0.036512613
-1,-1,0,11,0.046511173
-2,-1,1,7,0.046511173
-2,-1,1,6,0.046511173
-2,-1,1,6,0.046511173
-2,0,1,6,0.046511173
-2,0,0,6,0.046511173
-2,0,1,6,0.046511173
-3,1,1,6,0.056511164
-2,2,1,7,0.056511164
-3,4,0,8,0.056511164
-1,3,0,8,0.056511164
-2,4,0,10,0.056511164
-2,3,1,12,0.056511164
-2,4,0,12,0.056511164
-3,4,0,14,0.056511164
-2,4,0,15,0.056511164
-1,4,0,16,0.056511164
-2,4,0,17,0.056511164
-2,4,1,18,0.056511164
-3,4,-1,18,0.066510439
-2,5,0,17,0.066510439
-3,4,0,17,0.066510439
-2,4,0,16,0.066510439
-2,4,0,16,0.066510439
-2,4,0,15,0.066510439
-3,5,0,16,0.066510439
-2,3,0,17,0.066510439
-2,3,0,14,0.076510429
-1,3,0,14,0.076510429
-3,1,0,13,0.076510429
-2,-1,0,11,0.076510429
-2,-1,0,7,0.076510429
-2,-1,6,-2,0.015846014
-1,-1,8,-2,0.015846014
-2,-2,9,-2,0.015846014
-2,-1,8,-1,0.015846014
-2,-1,0,7,0.015846014
-2,-1,0,12,0.015846014
-2,0,0,17,0.015846014
-2,0,-1,22,0.015846014
-2,-1,0,23,0.025844812
-3,0,0,23,0.025844812
-2,-1,-1,19,0.025844812
-1,0,-1,20,0.025844812
-2,-1,0,18,0.025844812
-3,-1,-1,19,0.025844812
-3,-1,0,22,0.025844812
-1,0,-1,25,0.025844812
-2,-1,0,28,0.035845518
-3,0,-1,30,0.035845518
-1,0,-1,33,0.035845518
-2,0,0,35,0.035845518
-2,0,0,37,0.035845518
-2,0,-1,38,0.035845518
-2,0,-1,39,0.035845518
-2,0,-1,37,0.035845518
-2,0,-1,37,0.045844078
-2,1,0,36,0.045844078
-2,2,0,34,0.045844078
-2,2,-1,32,0.045844078
-2,4,0,29,0.045844078
-2,3,-1,27,0.045844078
-2,3,-1,23,0.045844078
-2,3,-1,20,0.045844078
-2,3,0,21,0.055844545
-2,3,0,21,0.055844545
-2,5,-1,21,0.055844545
-1,4,-1,20,0.055844545
-2,3,-1,21,0.055844545
-1,3,0,20,0.055844545
-2,3,-1,20,0.055844545
-3,3,0,20,0.055844545
-2,3,-1,19,0.055844545
-1,2,0,19,0.065845251
-2,2,-1,18,0.065845251
-2,2,0,19,0.065845251
-2,2,0,18,0.065845251
-2,1,0,17,0.065845251
-2,2,0,16,0.065845251
-1,1,-1,16,0.075869799
-3,0,0,15,0.08587265
-2,-1,-1,14,0.08587265
-2,0,0,13,0.095844269
-2,0,-1,11,0.105844736
-2,-1,-1,6,0.105844736
-2,-2,6,-2,0.007230282
-2,-1,7,-2,0.007230282
-2,0,8,-2,0.007230282
-2,0,10,-2,0.017039061
-2,-1,11,-1,0.017039061
-2,-1,12,-1,0.017039061
-1,-1,13,-2,0.017039061
-2,-1,14,-2,0.017039061
-2,0,13,-1,0.017039061
-2,-1,10,-2,0.027009249
-2,-1,8,-2,0.027009249
-2,-2,6,-2,0.027009249
-2,-1,0,6,0.027009249
-3,1,0,12,0.037011147
-2,0,1,18,0.037011147
-3,0,0,21,0.037011147
-3,0,0,21,0.037011147
-1,-1,0,22,0.037011147
-2,0,0,23,0.037011147
-2,-1,0,20,0.037011147
-2,-2,0,12,0.037011147
-1,-1,0,7,0.047009468
-1,-1,6,-2,0.013516188
-1,-1,6,-2,0.013516188
0,-1,7,-2,0.013516188
0,0,9,-1,0.013516188
0,-1,10,-2,0.013516188
0,-1,9,-2,0.023288965
0,-1,9,-1,0.023288965
0,-1,9,-2,0.023288965
0,-1,10,-2,0.023288965
0,-1,12,-2,0.023288965
-1,-2,15,-1,0.023288965
0,-1,20,-2,0.033292532
0,-1,24,-2,0.033292532
0,-1,28,-2,0.033292532
0,-2,30,-1,0.033292532
0,-1,29,-2,0.033292532
0,-2,25,-1,0.033292532
-1,-1,16,-2,0.033292532
-1,-1,9,-2,0.043299913
-1,-1,7,-2,0.043299913
-2,-2,6,-2,0.043299913
-2,-1,6,-1,0.043299913
-2,-1,7,1,0.043299913
-2,-1,8,4,0.043299913
-2,-2,6,4,0.043299913
-2,-1,6,7,0.043299913
-1,-1,5,7,0.05328846
-1,-1,3,8,0.05328846
-2,-1,3,10,0.05328846
-1,-1,2,13,0.05328846
-2,0,1,18,0.05328846
-1,0,0,22,0.05328846
-2,-1,0,29,0.05328846
-2,-1,0,37,0.06328845
-2,0,0,35,0.06328845
-3,0,-1,38,0.06328845
-1,0,0,38,0.06328845
-2,-1,0,30,0.06328845
-3,0,0,23,0.06328845
-2,-1,0,16,0.06328845
-2,-2,0,7,0.073288441
-2,-1,0,6,0.073288441
-1,-1,0,6,0.073288441
-2,-1,6,-2,0.000930786
-1,-2,8,-2,0.000930786
-1,-1,9,-2,0.000930786
-1,-2,10,-1,0.000930786
-2,-2,12,-3,0.000930786
-1,-1,13,-2,0.000930786
-2,-2,15,-2,0.010908842
-2,-1,15,-2,0.010908842
-2,-1,18,-2,0.010908842
-2,-1,23,-1,0.010908842
-2,-1,29,-2,0.010908842
-1,-1,36,-1,0.010908842
-2,-2,41,-1,0.010908842
-2,0,45,-1,0.010908842
-1,-2,50,-1,0.02090764
0,-1,54,-2,0.02090764
0,-1,56,-2,0.02090764
2,-1,59,-2,0.02090764
4,-1,61,-2,0.02090764
7,-1,60,-1,0.02090764
11,-2,57,-2,0.02090764
16,-1,52,-2,0.02090764
21,-2,46,-2,0.030907393
27,-1,37,-2,0.030907393
35,-2,28,-2,0.030907393
40,-2,19,-1,0.030907393
47,-2,11,-2,0.030907393
51,-2,7,-2,0.030907393
54,-1,4,-2,0.030907393
55,-1,2,-1,0.030907393
53,0,2,-2,0.030907393
52,-1,2,-1,0.04090786
50,-2,1,-3,0.04090786
47,-1,1,-1,0.04090786
44,-2,1,-2,0.04090786
40,-2,0,-2,0.04090786
36,-2,1,-2,0.04090786
31,-2,1,-2,0.04090786
27,-2,1,-2,0.04090786
26,-2,2,-2,0.05090785
28,-1,1,-1,0.05090785
28,-2,1,-2,0.05090785
28,-1,1,-2,0.05090785
26,-1,1,-1,0.05090785
24,-2,2,-2,0.05090785
22,-1,0,-2,0.05090785
20,-2,1,-1,0.05090785
17,0,1,-2,0.060910702
16,-1,1,-2,0.060910702
14,-1,2,-2,0.060910702
12,-1,1,-1,0.060910702
10,0,1,-2,0.060910702
9,-2,1,-2,0.060910702
7,-1,1,-2,0.060910702
1,-1,6,-1,0.006186008
4,-2,6,-2,0.006186008
6,-1,2,-2,0.006186008
6,-1,1,-1,0.006186008
7,-2,1,-1,0.006186008
7,-2,1,-2,0.006186008
7,-1,1,-2,0.006186008
8,-1,0,-2,0.015958309
8,-1,1,-2,0.015958309
9,-1,0,-1,0.015958309
9,-1,1,-2,0.015958309
11,-2,1,-1,0.015958309
12,-2,1,-2,0.015958309
14,-1,0,-2,0.015958309
15,-1,1,-1,0.015958309
18,-2,1,-1,0.025952339
20,-1,1,-2,0.025952339
21,-1,1,-2,0.025952339
24,-2,1,-1,0.025952339
24,-2,1,-2,0.025952339
26,-2,1,-1,0.025952339
27,-1,1,-2,0.025952339
28,0,1,-2,0.025952339
27,-1,0,-1,0.025952339
27,-1,1,-2,0.025952339
24,-1,1,-1,0.025952339
23,-2,1,-2,0.025952339
20,-2,0,-2,0.025952339
17,-1,1,-2,0.025952339
14,-1,0,-1,0.037493229
10,-1,1,-2,0.040990353
9,-1,0,-2,0.041790009
6,-1,0,-2,0.041790009
-2,-2,6,-2,0.005562305
-2,-2,6,-1,0.005562305
-2,-1,6,-1,0.005562305
-2,-1,7,-2,0.015342474
-2,-1,6,-2,0.015342474
-2,0,7,0,0.015342474
-2,-1,7,-2,0.015342474
-2,-1,8,-2,0.015342474
-2,-2,9,-2,0.015342474
-2,-2,11,-2,0.025372744
-2,-1,12,-2,0.025372744
-2,-2,13,-2,0.025372744
0,-1,14,-2,0.025372744
-1,-2,16,-2,0.025372744
1,-1,16,-2,0.035340786
2,-1,16,-2,0.035340786
6,-1,15,-1,0.035340786
9,-1,13,-1,0.035340786
14,-2,10,-2,0.035340786
19,-2,6,-2,0.035340786
19,-2,2,-2,0.035340786
16,-1,2,-1,0.045339823
16,-1,2,-1,0.045339823
15,-1,1,-2,0.045339823
15,-1,2,-1,0.045339823
16,-2,1,-2,0.045339823
19,-2,2,-2,0.045339823
21,-2,1,-2,0.045339823
24,-1,1,-1,0.045339823
25,-1,1,-2,0.055372
27,-1,2,-1,0.055372
28,-2,1,-2,0.055372
29,-2,1,-2,0.055372
30,-2,2,-2,0.055372
29,-2,2,-2,0.055372
30,-1,1,-1,0.055372
28,-2,2,-2,0.055372
26,-1,1,-1,0.055372
25,-1,1,-1,0.055372
23,-2,1,-1,0.055372
23,-2,1,-2,0.055372
21,-2,1,-2,0.065341234
21,-1,1,-2,0.065341234
21,-2,0,-2,0.065341234
20,-1,2,-1,0.065341234
19,-1,1,-1,0.065341234
17,-1,1,-2,0.065341234
15,-1,1,-2,0.065341234
14,-1,1,-2,0.065341234
11,-1,1,-2,0.065341234
10,-1,1,-2,0.075343609
8,-2,1,-2,0.075343609
7,-1,1,-2,0.075343609
6,-1,2,-2,0.075343609
6,-2,1,-1,0.075343609
-1,-2,6,-2,0.006770611
0,-1,6,-1,0.006770611
6,-2,2,-2,0.006770611
6,-2,1,-1,0.016578674
6,-2,2,-2,0.016578674
7,-2,1,0,0.016578674
8,-2,1,-2,0.016578674
9,-2,1,-2,0.026551247
10,-2,1,-1,0.026551247
12,-1,1,-1,0.026551247
12,-2,2,-2,0.026551247
13,-1,1,-1,0.026551247
13,-1,1,-2,0.036549807
13,-2,1,-2,0.036549807
13,-1,1,-2,0.036549807
14,-2,0,-1,0.036549807
14,-2,1,-1,0.036549807
15,-2,1,-2,0.036549807
13,-2,1,-1,0.036549807
13,-2,1,-1,0.036549807
11,-2,1,-2,0.046549559
11,-2,1,-1,0.046549559
10,-2,1,-1,0.046549559
9,-1,2,-2,0.046549559
9,-2,0,-2,0.046549559
7,-2,0,-2,0.046549559
6,-1,1,-2,0.046549559
-2,-2,6,-2,0.00538516
-2,-2,7,-2,0.00538516
-2,-2,8,-2,0.00538516
-3,-1,8,-2,0.00538516
-1,-2,7,-2,0.00538516
-2,-1,7,-2,0.015175104
-2,-1,9,0,0.015175104
-2,-1,11,-2,0.015175104
-2,-2,13,-2,0.015175104
-2,-1,14,-1,0.015175104
-1,-1,14,-2,0.015175104
-1,-2,12,-2,0.015175104
0,-2,13,-1,0.015175104
4,-1,13,-1,0.015175104
7,-3,10,-1,0.025176048
13,-2,7,-2,0.025176048
16,-1,4,-2,0.025176048
16,-3,1,-1,0.025176048
15,-2,1,-2,0.025176048
14,-2,2,-2,0.025176048
11,-2,1,-3,0.025176048
11,-1,2,-1,0.025176048
12,-2,1,-1,0.035175562
16,-1,1,-2,0.035175562
19,-2,1,-2,0.035175562
24,-2,1,-2,0.035175562
27,-1,2,-1,0.035175562
27,-1,1,-1,0.035175562
28,-1,1,-2,0.035175562
28,-2,1,-2,0.035175562
28,-1,1,-2,0.045175076
29,-2,1,-2,0.045175076
29,-1,1,-2,0.045175076
29,-2,1,-1,0.045175076
30,-1,1,-2,0.045175076
30,-2,1,-1,0.045175076
29,-2,2,-2,0.045175076
30,-2,1,-2,0.055175543
29,-2,1,-1,0.055175543
28,-1,1,-2,0.055175543
27,-1,1,-2,0.055175543
26,-1,1,-2,0.055175543
25,-2,1,-2,0.055175543
23,-2,1,-1,0.055175543
23,-1,1,-2,0.06517601
20,-2,0,-2,0.06517601
16,-2,1,-2,0.06517601
13,-1,1,-1,0.06517601
7,-2,1,-2,0.06517601
-1,-2,6,-3,0.002558947
-2,-2,7,-1,0.002558947
-2,-2,8,-2,0.002558947
-1,-2,8,-2,0.002558947
-3,-2,8,-1,0.002558947
-2,-2,8,-2,0.002558947
-1,-2,8,-2,0.012535334
-2,-2,12,-2,0.012535334
-2,-2,17,-1,0.012535334
-1,-2,23,-1,0.012535334
-2,-2,27,-2,0.012535334
-1,-2,29,-2,0.012535334
0,-1,29,-2,0.012535334
2,-1,27,-1,0.012535334
6,-1,23,-2,0.022535563
12,-2,18,-2,0.022535563
17,-1,11,-2,0.022535563
23,-2,5,-2,0.022535563
25,-2,2,-2,0.022535563
24,-2,1,-2,0.022535563
20,-2,1,-2,0.022535563
16,-3,2,-2,0.022535563
14,-2,1,-2,0.032535315
12,-1,1,-2,0.032535315
14,-2,1,-2,0.032535315
18,-2,1,-2,0.032535315
21,-2,1,-1,0.032535315
22,-2,1,-2,0.032535315
24,-2,1,-2,0.042534113
23,-1,1,-2,0.042534113
21,-2,1,-2,0.042534113
20,-2,1,-2,0.042534113
18,-2,1,-1,0.042534113
17,-2,1,-2,0.042534113
16,-3,1,-2,0.042534113
15,-2,1,-2,0.052534103
13,-1,0,-2,0.052534103
11,-2,1,-2,0.052534103
10,-2,1,-1,0.052534103
10,-2,1,-2,0.052534103
10,-3,0,-2,0.052534103
10,-2,1,-1,0.052534103
10,-2,1,-1,0.052534103
9,-3,1,-2,0.062535524
9,-2,1,-2,0.062535524
9,-1,0,-2,0.062535524
7,-1,0,-2,0.062535524
7,-3,1,-1,0.062535524
6,-2,1,-2,0.062535524
6,-2,1,-1,0.062535524
-1,-2,6,-2,0.013357639
-2,-2,7,-1,0.013357639
-2,-2,8,-2,0.013357639
-2,-1,10,-2,0.013357639
-2,-2,11,-2,0.013357639
-2,-1,11,-2,0.013357639
-2,-2,11,-2,0.023362637
-1,-2,10,-1,0.023362637
-2,-2,11,-1,0.023362637
-2,-2,14,-2,0.023362637
-2,-2,16,-2,0.023362637
-1,-3,18,-2,0.023362637
-1,-1,19,-2,0.023362637
-2,-2,19,-2,0.033356667
-2,-2,17,-2,0.033356667
-2,-2,17,-2,0.033356667
-1,-2,16,-1,0.033356667
0,-2,16,-1,0.033356667
1,-1,15,-2,0.033356667
3,-1,14,-1,0.033356667
6,-2,13,-2,0.043356895
8,-2,12,-2,0.043356895
13,-2,9,-2,0.043356895
16,-2,8,-1,0.043356895
19,-2,4,-2,0.043356895
20,-1,1,-2,0.043356895
19,-2,0,-1,0.043356895
18,-2,0,-2,0.043356895
17,-2,1,-1,0.043356895
17,-3,1,-2,0.043356895
19,-1,1,-1,0.043356895
19,-2,0,-1,0.05335784
23,-2,1,-2,0.05335784
23,-2,0,-2,0.05335784
26,-2,1,-2,0.05335784
26,-2,0,-2,0.05335784
26,-2,0,-2,0.05335784
28,-2,0,-2,0.05335784
27,-2,0,-2,0.063357115
27,-2,1,-1,0.063357115
26,-2,0,-2,0.063357115
27,-2,0,-2,0.063357115
25,-2,0,-1,0.063357115
24,-2,0,-2,0.063357115
23,-2,1,-2,0.063357115
22,-2,0,-2,0.073357821
22,-1,0,-2,0.073357821
21,-2,0,-2,0.073357821
20,-1,0,-1,0.073357821
20,-1,0,-2,0.073357821
18,-2,0,-2,0.073357821
16,-2,0,-1,0.073357821
14,-2,0,-2,0.083357334
13,-2,0,-2,0.083357334
10,-3,1,-1,0.083357334
8,-2,-1,-2,0.083357334
6,-2,0,-1,0.083357334
-3,-2,6,-1,0.007939339
-1,-3,7,-2,0.009939671
-2,-2,8,-1,0.010976315
-1,-2,7,-2,0.012969255
-2,-3,6,-2,0.01492691
-2,-3,6,-2,0.017904043
-2,-3,6,-2,0.01894331
-2,-3,6,-2,0.020900249
-2,-3,7,-2,0.02289629
-2,-3,10,-2,0.026268482
-1,-3,11,-1,0.028269053
0,-3,12,-1,0.029263973
-1,-3,14,-2,0.030263662
-1,-3,12,-2,0.031304359
-1,-4,12,-2,0.03328824
1,-3,12,-2,0.037440062
3,-4,11,-1,0.037440062
5,-4,10,-1,0.037440062
9,-4,8,-2,0.037440062
11,-3,4,-2,0.037440062
10,-3,2,-2,0.037440062
10,-4,1,-2,0.037440062
10,-4,1,-1,0.037440062
10,-3,2,-2,0.037440062
10,-3,1,-2,0.037440062
9,-4,2,-2,0.047440767
8,-4,1,-2,0.047440767
8,-4,1,-1,0.047440767
8,-4,1,-2,0.047440767
10,-2,0,0,0.047440767
10,-4,0,-1,0.047440767
13,-4,0,-1,0.057439566
13,-4,0,-2,0.057439566
11,-3,1,-2,0.057439566
12,-2,1,-2,0.057439566
12,-3,1,-1,0.057439566
12,-2,1,-1,0.057439566
11,-3,1,-2,0.057439566
12,-2,1,-1,0.057439566
12,-2,1,-2,0.067440987
11,-2,0,-2,0.067440987
10,-2,0,-2,0.067440987
10,-1,1,-1,0.067440987
8,-1,0,-2,0.067440987
6,-1,0,-2,0.067440987
6,-1,0,-2,0.067440987
6,-2,0,-2,0.00490737
6,-2,0,-2,0.00490737
6,-2,0,-2,0.00490737
6,-3,1,-1,0.00490737
6,-3,0,-2,0.00490737
7,-2,0,-2,0.00490737
8,-3,1,-2,0.00490737
9,-1,0,-2,0.014883757
11,-2,0,-2,0.014883757
11,-2,0,-2,0.014883757
13,-2,0,-2,0.014883757
13,-2,0,-2,0.014883757
13,-1,0,-2,0.014883757
15,-2,0,-1,0.014883757
16,-1,0,-2,0.014883757
14,-2,0,0,0.024888515
15,-2,-1,-2,0.024888515
15,-2,-1,-2,0.024888515
15,-2,0,-1,0.024888515
15,-2,0,-2,0.024888515
14,-1,0,-2,0.024888515
14,-2,0,-2,0.024888515
13,-2,0,-2,0.034883738
11,-2,-1,-2,0.034883738
9,-2,0,-1,0.034883738
6,-3,0,-2,0.034883738
6,-1,0,-2,0.034883738
6,-2,-1,-2,0.034883738
6,-2,0,-3,0.034883738
-1,-2,6,-2,0.00677824
-1,-2,6,-2,0.00677824
-1,-2,9,-2,0.00677824
-1,-2,10,-2,0.00677824
-1,-2,9,-2,0.00677824
0,-2,8,-1,0.00677824
-2,-2,6,-1,0.016780615
0,-2,6,-2,0.016780615
-1,-2,6,-2,0.016780615
0,-2,6,-2,0.016780615
-1,-3,7,-1,0.016780615
-1,-2,10,1,0.016780615
-1,-2,10,6,0.016780615
-1,-2,9,8,0.016780615
-1,-2,8,10,0.026751041
0,-3,7,13,0.026751041
0,-2,6,13,0.026751041
-1,-2,3,13,0.026751041
-1,-1,1,13,0.026751041
-1,-2,0,11,0.026751041
0,-2,0,10,0.026751041
-1,-2,0,8,0.026751041
0,-2,0,8,0.036749601
-1,-2,0,7,0.036749601
-1,-2,-1,6,0.036749601
-1,-2,-1,6,0.036749601
-2,-2,-1,7,0.036749601
0,-2,-1,6,0.036749601
0,-2,-2,7,0.036749601
-1,-2,-1,8,0.046780825
-1,-2,0,8,0.046780825
-1,-2,-1,9,0.046780825
-1,-3,0,9,0.046780825
-2,-2,0,10,0.046780825
-2,-2,-1,10,0.046780825
-1,-2,0,10,0.046780825
-1,-2,0,8,0.046780825
-1,-2,-1,8,0.056749582
0,-2,0,7,0.056749582
-1,-2,-1,6,0.056749582
-1,-3,6,-2,0.00565958
-1,-3,6,-1,0.00565958
-1,-2,6,-1,0.00565958
-1,-2,0,6,0.015436172
-1,-2,0,6,0.015436172
0,-2,-1,7,0.015436172
-1,-2,1,8,0.015436172
-1,-2,-1,10,0.015436172
-1,-2,0,11,0.015436172
0,-3,-1,12,0.02543664
-2,-2,0,13,0.02543664
-1,-2,0,16,0.02543664
0,-2,0,16,0.02543664
-1,-2,0,17,0.02543664
-1,-2,-1,17,0.02543664
-1,-2,0,17,0.02543664
0,-2,-1,17,0.02543664
0,-2,0,16,0.035437107
0,-2,0,16,0.035437107
-1,-2,0,16,0.035437107
-1,-2,-1,15,0.035437107
-1,-2,0,17,0.045437098
-1,-2,0,16,0.045437098
-1,-2,-1,17,0.045437098
-1,-3,-1,17,0.045437098
-1,-2,-1,18,0.045437098
-1,-2,-1,19,0.045437098
0,-2,0,17,0.045437098
-1,-2,0,16,0.045437098
0,-2,-1,15,0.045437098
0,-2,0,14,0.045437098
-1,-2,0,10,0.05543685
0,-2,0,7,0.05543685
0,-1,6,-1,0.003550053
-1,-2,6,-1,0.003550053
-1,-2,8,-2,0.003550053
0,-2,10,-1,0.013327122
0,-2,13,-2,0.013327122
-1,-2,17,-2,0.013327122
-1,-2,23,-1,0.013327122
0,-1,30,-1,0.013327122
-1,-2,35,-1,0.023326159
-1,-2,40,-1,0.023326159
-1,-1,43,-1,0.023326159
0,-2,43,-2,0.023326159
-1,-3,41,-2,0.023326159
-1,-3,36,-2,0.033326626
-1,-3,30,-2,0.033326626
-1,-2,24,-2,0.033326626
-1,-2,19,-1,0.033326626
0,-2,12,-2,0.033326626
-1,-3,8,-2,0.033326626
-1,-2,6,-2,0.043325424
0,-2,6,-1,0.043325424
-1,-2,6,-2,0.043325424
0,-2,8,0,0.043325424
-1,-2,8,3,0.053326845
-1,-3,8,5,0.053326845
-1,-1,6,7,0.053326845
0,-2,4,8,0.053326845
0,-2,2,8,0.053326845
-1,-2,2,7,0.053326845
0,-2,1,6,0.053326845
-1,-2,0,6,0.053326845
-1,-2,0,6,0.053326845
0,-2,0,8,0.053326845
0,-2,0,9,0.063324213
-1,-2,0,9,0.063324213
-1,-2,0,10,0.063324213
0,-2,-1,10,0.063324213
-1,-2,-1,11,0.063324213
-1,-1,0,11,0.063324213
-1,-2,-1,11,0.063324213
-1,-2,0,12,0.063324213
-1,-2,0,12,0.073324442
-1,-1,0,12,0.073324442
-1,-1,0,13,0.073324442
-1,-2,0,12,0.073324442
-1,-3,0,11,0.073324442
0,-3,-1,12,0.073324442
-1,-2,-1,9,0.073324442
-1,-2,-1,8,0.073324442
-1,-2,-1,7,0.083325624
0,-2,6,-2,0.007011652
-1,-2,6,-2,0.007011652
-1,-2,7,-1,0.007011652
0,-3,9,-2,0.016818762
-1,-2,9,-1,0.016818762
-1,-2,9,-1,0.016818762
0,-2,8,-2,0.016818762
-1,-2,8,-1,0.016818762
-1,-2,8,-1,0.026789188
-1,-2,7,-2,0.026789188
-1,-2,6,-2,0.026789188
-1,-2,6,-1,0.026789188
0,-2,6,-1,0.026789188
-1,-2,0,6,0.036816597
-1,-2,0,6,0.036816597
-1,-2,0,7,0.036816597
-1,-2,0,9,0.036816597
-1,-3,0,11,0.036816597
-2,-2,1,11,0.036816597
-1,-2,0,12,0.046816111
-1,-3,0,14,0.046816111
-1,-3,0,14,0.046816111
-1,-2,0,12,0.046816111
-2,-2,1,13,0.056790113
-1,-2,-1,14,0.056790113
-1,-3,0,12,0.056790113
-1,-2,0,10,0.056790113
-1,-3,0,9,0.056790113
0,-2,-1,8,0.056790113
-1,-3,0,8,0.056790113
0,-2,0,7,0.056790113
-1,-2,-1,6,0.056790113
0,-2,6,-1,0.003309488
0,-2,6,-1,0.003309488
-1,-1,6,-1,0.003309488
-1,-2,6,-1,0.003309488
-1,-3,6,-2,0.013091803
-1,-2,6,-1,0.013091803
-2,-2,6,-2,0.013091803
0,-3,6,-1,0.013091803
-1,-2,6,-2,0.013091803
-1,-3,6,-2,0.02309227
-1,-2,6,-2,0.02309227
-1,-2,6,-2,0.02309227
-1,-2,6,-2,0.02309227
-1,-3,6,-1,0.02309227
0,-2,7,-1,0.02309227
-1,-2,9,1,0.03309226
0,-3,10,2,0.03309226
0,-2,9,4,0.03309226
-1,-3,7,6,0.03309226
0,-2,4,6,0.03309226
-2,-2,1,6,0.043092728
-2,-3,1,6,0.043092728
-1,-2,0,6,0.043092728
-2,-2,1,7,0.043092728
0,-2,0,8,0.043092728
0,-3,1,9,0.043092728
-1,-2,0,11,0.043092728
0,-2,0,12,0.043092728
-1,-2,0,14,0.043092728
0,-2,0,14,0.043092728
0,-1,0,15,0.053091526
-1,-2,-1,16,0.053091526
-1,0,0,16,0.053091526
-1,-2,0,16,0.053091526
0,-3,0,16,0.053091526
-1,-2,0,17,0.053091526
0,-2,0,17,0.053091526
-1,-2,0,16,0.053091526
-1,-1,0,14,0.063091278
0,-2,0,14,0.063091278
1,-2,0,11,0.063091278
-2,-3,0,9,0.063091278
-2,-2,0,7,0.063091278
0,-3,6,-1,0.004848242
-1,-3,6,-2,0.004848242
0,-3,6,-1,0.004848242
-1,-2,7,-1,0.014659166
-1,-2,8,-1,0.014659166
-1,-2,10,0,0.014659166
-1,-2,11,3,0.014659166
0,-2,9,5,0.014659166
-1,-3,7,5,0.024624109
-1,-2,4,6,0.024624109
-2,-3,2,6,0.024624109
-1,-3,1,6,0.024624109
-1,-2,0,6,0.024624109
-1,-2,0,7,0.034628868
-1,-3,1,9,0.034628868
-1,-3,0,10,0.034628868
-1,-1,0,12,0.034628868
-1,-2,0,14,0.034628868
0,-3,0,14,0.044626474
-1,-2,0,15,0.044626474
0,-2,0,17,0.044626474
-1,-2,-1,16,0.044626474
-1,-3,0,17,0.044626474
-1,-3,0,18,0.044626474
-1,-2,0,18,0.055184841
-1,-3,0,19,0.059173584
0,-1,-1,19,0.060171366
-1,-1,0,20,0.061254263
-2,-3,0,18,0.061254263
-1,-3,0,16,0.062256813
0,-2,0,12,0.063253403
-1,-1,1,9,0.064251184
0,-2,6,-1,0.01580143
0,-2,0,6,0.01580143
0,-3,0,7,0.01580143
-1,-2,1,8,0.01580143
0,-1,0,9,0.01580143
-1,-2,1,11,0.01580143
-1,-3,0,11,0.025801897
-1,-2,0,13,0.025801897
-1,-2,0,14,0.025801897
-1,-2,0,15,0.025801897
0,-2,0,15,0.025801897
-1,-1,0,16,0.025801897
-1,-2,0,16,0.025801897
-1,-2,0,16,0.025801897
-1,-2,0,15,0.035801411
-1,-2,0,15,0.035801411
0,-3,0,14,0.035801411
-1,-3,0,13,0.035801411
-1,-2,0,11,0.035801411
-1,-1,0,10,0.035801411
0,-3,0,7,0.035801411
-1,-3,6,0,0.006480455
-1,-3,6,-1,0.006480455
-1,-3,6,-2,0.006480455
0,-3,6,-1,0.016263485
-1,-2,6,-2,0.016263485
0,-2,7,-1,0.016263485
-1,-3,6,-1,0.016263485
-1,-3,8,-2,0.016263485
-1,-2,8,-1,0.02625823
0,-2,7,-2,0.02625823
-2,-3,8,-2,0.02625823
0,-2,10,-1,0.02625823
-1,-3,13,-1,0.02625823
-1,-3,17,3,0.02625823
-1,-2,19,9,0.02625823
0,-2,18,18,0.02625823
-2,-3,16,25,0.02625823
0,-2,12,31,0.02625823
-1,-3,9,37,0.02625823
-2,-3,6,40,0.036256552
0,-2,2,42,0.036256552
-1,-3,2,41,0.036256552
-1,-3,1,38,0.036256552
-1,-3,1,34,0.036256552
0,-2,1,27,0.036256552
0,-2,0,19,0.036256552
0,-3,0,12,0.036256552
0,-2,0,10,0.036256552
-1,-2,0,8,0.046254873
-1,-2,0,6,0.046254873
-1,-2,1,6,0.046254873
-1,-2,1,6,0.046254873
-1,-2,0,6,0.046254873
-1,-3,0,6,0.046254873
-1,-3,0,6,0.046254873
-1,-3,0,6,0.046254873
-1,-2,1,8,0.046254873
0,-3,0,8,0.056262493
-1,-2,-1,9,0.056262493
-1,-3,0,10,0.056262493
-1,-3,0,11,0.056262493
-1,-3,1,13,0.056262493
-1,-2,0,15,0.056262493
-1,-3,1,17,0.056262493
0,-2,-1,18,0.056262493
-1,-2,0,18,0.056262493
0,-2,1,17,0.066256046
-1,-3,0,16,0.066256046
-1,-2,-1,14,0.066256046
0,-2,0,11,0.066256046
-1,-2,0,8,0.066256046
-1,-2,0,6,0.066256046
-1,-2,6,-2,0.004450321
0,-2,7,0,0.004450321
-1,-2,7,2,0.004450321
-1,-2,6,5,0.004450321
-1,-2,5,6,0.004450321
0,-2,3,8,0.004450321
0,-2,2,8,0.014420509
0,-2,2,8,0.014420509
0,-3,2,9,0.014420509
0,-2,1,10,0.014420509
-1,-2,1,10,0.014420509
-1,-2,0,12,0.014420509
-1,-3,0,13,0.014420509
-1,-3,0,13,0.0244205
-1,-2,0,13,0.0244205
0,-2,1,12,0.0244205
-1,-2,0,11,0.0244205
-1,-2,0,9,0.0244205
0,-2,0,8,0.0244205
-1,-2,0,6,0.0244205
0,-3,0,6,0.034426928
-1,-2,0,6,0.034426928
0,-3,0,6,0.034426928
-1,-2,0,6,0.034426928
-1,-3,0,6,0.034426928
-1,-3,0,6,0.034426928
-1,-2,1,6,0.034426928
-1,-2,0,6,0.044420958
0,-2,0,6,0.044420958
-2,-2,1,6,0.044420958
0,-2,1,6,0.044420958
-1,-2,0,7,0.044420958
-1,-3,0,7,0.044420958
-1,-2,0,7,0.044420958
-1,-2,0,8,0.05442214
-1,-2,0,8,0.05442214
-1,-2,0,8,0.05442214
-1,-2,0,8,0.05442214
-1,-2,-1,8,0.05442214
0,-2,0,7,0.05442214
-1,-1,0,7,0.05442214
-1,-2,0,6,0.05442214
-1,-3,6,-2,0.006250858
-1,-3,6,-2,0.006250858
-1,-3,6,-2,0.006250858
-1,-3,7,-2,0.006250858
-1,-3,8,-2,0.01602602
-1,-2,10,-1,0.01602602
0,-2,11,-1,0.01602602
0,-3,12,-2,0.01602602
-1,-3,12,-2,0.01602602
0,-2,12,-1,0.01602602
-1,-1,11,-1,0.01602602
-1,-2,10,-2,0.01602602
-1,-3,9,-2,0.026026249
-1,-2,9,-2,0.026026249
0,-2,8,0,0.026026249
-1,-2,7,-2,0.026026249
0,-3,8,-1,0.026026249
0,-3,9,-2,0.026026249
-1,-2,11,1,0.026026249
-1,-3,11,3,0.026026249
-1,-3,10,7,0.036026478
-1,-3,9,9,0.036026478
-1,-3,7,11,0.036026478
-1,-3,4,12,0.036026478
-1,-3,2,12,0.036026478
-1,-3,1,11,0.036026478
-1,-2,1,9,0.036026478
-1,-1,1,7,0.036026478
-1,-3,1,6,0.046025038
-1,-3,0,6,0.046025038
0,-3,0,6,0.046025038
-1,-3,0,6,0.046025038
0,-3,0,6,0.046025038
0,-2,0,7,0.046025038
-1,-2,0,7,0.046025038
-1,-2,0,7,0.046025038
0,-2,0,7,0.046025038
-1,-3,0,8,0.05602622
-1,-3,0,8,0.05602622
-1,-3,0,8,0.05602622
-1,-2,0,8,0.05602622
-1,-3,0,9,0.05602622
-1,-3,0,8,0.05602622
-1,-2,0,7,0.05602622
-1,-3,0,7,0.066026211
-1,-3,6,-1,0.016057014
0,-3,6,-1,0.016057014
0,-3,7,-2,0.016057014
0,-3,8,-2,0.02592206
0,-3,10,-2,0.02592206
-1,-3,12,-1,0.02592206
-1,-3,15,-1,0.02592206
0,-3,17,-2,0.02592206
-1,-3,20,-2,0.035923719
-1,-3,21,-2,0.035923719
-1,-3,22,-2,0.035923719
-1,-3,22,-2,0.035923719
-1,-2,22,-2,0.035923719
0,-3,20,-2,0.045923471
0,-3,19,-2,0.045923471
0,-3,17,-1,0.045923471
-1,-3,14,-2,0.045923471
-1,-2,14,-1,0.045923471
-1,-2,15,-2,0.045923471
-1,-3,18,-1,0.055921793
-1,-3,20,-2,0.055921793
-1,-3,22,-1,0.055921793
-1,-3,23,-2,0.055921793
0,-3,21,-2,0.055921793
-1,-3,18,-1,0.055921793
-1,-3,12,-2,0.055921793
-1,-3,11,-2,0.055921793
0,-2,8,0,0.06592083
-1,-2,8,-2,0.06592083
-1,-3,9,-2,0.06592083
0,-3,8,-2,0.06592083
1,-3,8,0,0.06592083
0,-3,10,1,0.06592083
1,-2,8,2,0.06592083
0,-1,6,4,0.07592082
0,1,6,6,0.07592082
0,3,4,8,0.07592082
1,8,1,9,0.07592082
0,11,2,10,0.07592082
0,17,1,9,0.07592082
-1,23,1,7,0.07592082
-1,30,0,6,0.07592082
-1,37,1,2,0.07592082
0,43,0,-1,0.07592082
-1,51,1,-1,0.07592082
0,54,0,-1,0.07592082
-1,56,1,-1,0.07592082
-1,54,0,-2,0.07592082
-2,53,0,-1,0.085920095
-1,52,0,-1,0.085920095
-1,51,0,-1,0.085920095
-1,48,1,-1,0.085920095
0,48,0,-2,0.085920095
-1,47,0,-1,0.085920095
-1,45,0,-2,0.085920095
-1,40,0,-2,0.085920095
-1,35,0,-2,0.095933199
0,28,0,-2,0.095933199
-1,20,0,-1,0.095933199
-1,15,0,-2,0.095933199
-1,11,0,-1,0.095933199
-1,8,1,-2,0.095933199
-1,7,0,-2,0.095933199
0,8,0,-1,0.095933199
-1,9,1,-2,0.095933199
-1,12,0,-2,0.105920315
-1,12,0,-1,0.105920315
-1,13,0,0,0.105920315
-1,12,0,-1,0.105920315
0,12,0,-1,0.105920315
-1,12,0,-2,0.105920315
-1,12,0,-2,0.105920315
0,11,0,-2,0.115920305
-1,10,0,-1,0.115920305
0,11,0,-1,0.115920305
-1,12,1,-1,0.115920305
-1,11,0,-1,0.115920305
-1,10,0,-2,0.115920305
0,10,1,-2,0.115920305
0,9,-1,-1,0.115920305
-1,6,1,-1,0.125920534
0,-2,6,-1,0.000348568
-1,-4,6,-1,0.000348568
-1,-2,6,-2,0.010140419
0,-4,8,-2,0.010140419
0,-4,9,-2,0.010140419
-1,-4,10,-2,0.010140419
-1,-3,10,-1,0.010140419
0,-4,10,-1,0.020141125
-1,-3,11,-2,0.020141125
-1,-2,10,-1,0.020141125
-1,-2,12,0,0.020141125
-1,-3,14,-1,0.020141125
-1,-3,17,-2,0.030141115
-1,-4,23,0,0.030141115
0,-4,29,-1,0.030141115
-1,-3,35,-2,0.030141115
-1,-4,41,-2,0.030141115
-1,-3,46,-1,0.040140867
0,-3,48,-1,0.040140867
-1,-4,51,-1,0.040140867
-1,-3,49,-2,0.040140867
-1,-3,48,-2,0.040140867
-1,-3,41,-2,0.040140867
0,-3,34,-2,0.040140867
0,-4,25,-1,0.040140867
0,-3,15,-1,0.040140867
-1,-3,12,-2,0.040140867
0,-3,10,-2,0.050138235
0,-4,11,-2,0.050138235
0,-3,10,-1,0.050138235
0,-3,12,-1,0.050138235
1,-3,12,0,0.050138235
1,-3,11,1,0.050138235
1,-3,12,4,0.050138235
1,-2,13,6,0.060139179
1,-1,9,8,0.060139179
1,1,8,9,0.060139179
1,5,6,11,0.060139179
0,10,3,12,0.060139179
0,16,2,13,0.060139179
-1,21,1,12,0.060139179
0,28,2,8,0.060139179
-1,35,1,7,0.070152044
-1,42,1,1,0.070152044
-1,49,1,-1,0.070152044
0,58,0,-1,0.070152044
-1,64,1,-2,0.070152044
0,69,1,-1,0.070152044
-1,69,1,-2,0.070152044
-1,68,1,-2,0.070152044
-1,63,1,-2,0.070152044
0,57,1,-2,0.081721783
0,50,1,-2,0.084969282
-1,46,1,-2,0.085971355
-1,45,1,-1,0.086966753
0,42,0,-1,0.086966753
-1,40,0,-2,0.087978601
0,34,1,-1,0.088961124
-1,29,1,-1,0.091005564
0,24,1,-2,0.094113588
0,17,1,-1,0.095045805
0,11,0,-1,0.095045805
-1,9,1,-1,0.096042633
-1,8,1,-2,0.097040176
0,7,1,-2,0.098062992
-1,8,1,-2,0.098062992
-1,8,1,-2,0.10005784
1,6,1,-2,0.105013847
-2,7,1,-2,0.105013847
0,6,1,-1,0.106013775
-1,6,1,-1,0.10701108
0,6,2,-1,0.10701108
0,6,1,-1,0.108008385
-1,6,0,-1,0.110033274
-1,6,1,-2,0.113060236
-1,6,0,-1,0.113992929
0,6,0,-1,0.114989758
-1,-2,6,-2,0.00679183
-1,-3,6,-1,0.00679183
0,-3,8,-1,0.00679183
-1,-3,8,-2,0.00679183
0,-3,8,-2,0.00679183
0,-2,7,-2,0.00679183
0,-3,7,-2,0.016556025
0,-4,7,-1,0.016556025
1,-3,7,-1,0.016556025
1,-3,6,-2,0.016556025
1,-4,6,-1,0.016556025
1,-3,6,-1,0.016556025
3,6,2,0,0.016556025
3,10,2,-2,0.016556025
2,15,1,-2,0.016556025
0,19,1,-1,0.026552439
0,23,2,-2,0.026552439
-1,27,1,-1,0.026552439
-1,30,1,-1,0.026552439
-1,35,1,-2,0.026552439
1,38,1,-2,0.026552439
0,47,1,-2,0.026552439
-1,52,1,-2,0.026552439
-1,55,1,-1,0.036574125
-1,54,1,-2,0.036574125
0,61,1,-2,0.036574125
1,69,1,-1,0.036574125
-1,71,1,-2,0.036574125
-1,68,1,-2,0.036574125
0,68,1,-1,0.036574125
-1,65,0,-1,0.036574125
-1,64,1,-1,0.046553612
-1,60,1,0,0.046553612
-1,54,0,-2,0.046553612
-1,47,1,-2,0.046553612
-1,39,1,-2,0.046553612
0,33,0,-1,0.046553612
-1,26,1,-1,0.046553612
-1,21,0,0,0.046553612
0,17,1,-2,0.046553612
0,15,0,-1,0.056553125
-1,14,1,-2,0.056553125
-1,12,1,-1,0.056553125
-1,12,1,-2,0.056553125
0,13,1,-1,0.056553125
-1,13,1,-2,0.056553125
0,16,0,-1,0.056553125
0,16,1,-1,0.066553593
-1,15,1,-2,0.066553593
-1,16,0,0,0.066553593
0,17,1,-2,0.066553593
0,17,1,-1,0.066553593
-2,18,1,0,0.066553593
1,19,0,-1,0.066553593
-1,19,0,-1,0.07655406
0,19,1,-2,0.07655406
0,18,1,-1,0.07655406
-1,16,0,-2,0.07655406
-1,13,0,-1,0.07655406
-1,12,1,-1,0.07655406
0,12,0,-2,0.07655406
-1,11,0,-1,0.07655406
-1,11,1,-2,0.086570263
-1,11,1,-1,0.086570263
0,8,1,-2,0.086570263
0,6,1,-2,0.086570263
0,-3,6,-1,0.00669384
0,-3,6,-2,0.00669384
-1,-4,8,-2,0.00669384
-2,-3,7,-1,0.00669384
-1,-3,9,-1,0.00669384
-2,-3,8,-1,0.00669384
-1,-3,9,-1,0.00669384
-1,-3,9,-2,0.016671658
-1,-3,12,-1,0.016671658
-1,-3,15,-2,0.016671658
-1,-2,19,-1,0.016671658
-1,-4,19,-1,0.016671658
0,-3,16,-2,0.016671658
-1,-3,9,-2,0.016671658
-1,-3,7,-1,0.026673794
0,-4,7,-1,0.026673794
0,-3,8,-2,0.026673794
0,-4,7,-1,0.026673794
0,-2,8,0,0.026673794
0,-2,8,2,0.026673794
0,1,6,5,0.026673794
0,3,4,6,0.026673794
0,8,2,8,0.036671638
-1,15,1,7,0.036671638
-1,23,0,6,0.036671638
-1,31,0,3,0.036671638
-1,40,1,0,0.036671638
0,48,0,-2,0.036671638
0,54,1,-2,0.036671638
-1,55,1,-2,0.046670198
0,53,0,-1,0.046670198
0,49,1,-1,0.046670198
0,44,1,-2,0.046670198
-1,45,0,-1,0.046670198
-1,43,1,-1,0.046670198
-1,44,1,-2,0.046670198
-1,41,1,-1,0.046670198
0,38,1,-2,0.056673288
0,35,1,-2,0.056673288
-1,31,0,-1,0.056673288
-1,23,1,-2,0.056673288
-1,18,2,-1,0.056673288
-1,11,1,-2,0.056673288
0,8,1,-2,0.066670656
-1,6,0,-1,0.066670656
-1,7,0,-1,0.066670656
0,7,1,-2,0.066670656
-1,8,1,-1,0.066670656
-1,9,0,-2,0.066670656
-1,8,0,-2,0.066670656
-1,8,0,0,0.066670656
0,8,0,-1,0.076672554
0,9,1,-2,0.076672554
-2,9,0,-2,0.076672554
-1,9,0,-2,0.076672554
-1,7,0,-2,0.076672554
-1,6,1,-2,0.076672554
-1,-4,6,-2,0.017172098
-1,-4,6,-2,0.017172098
-1,-4,6,-2,0.017172098
0,-3,6,-1,0.017172098
-1,-3,6,-2,0.017172098
0,-2,7,-1,0.017172098
0,-3,8,-2,0.027148962
0,-3,9,-1,0.027148962
-1,-3,9,-2,0.027148962
0,-3,7,-2,0.027148962
0,-3,8,-1,0.027148962
1,-3,6,-1,0.027148962
2,-2,6,-1,0.027148962
1,-2,6,-3,0.037149668
2,6,1,-2,0.037149668
0,9,1,-2,0.037149668
0,15,1,-2,0.037149668
-1,19,1,-2,0.037149668
-1,23,1,-1,0.037149668
-1,29,1,-1,0.037149668
-1,36,1,-2,0.037149668
-1,40,0,-2,0.047166109
-2,41,1,-2,0.047166109
-1,43,0,-1,0.047166109
-1,52,1,-1,0.047166109
-1,57,0,-2,0.047166109
0,60,1,-2,0.047166109
-1,55,1,0,0.047166109
-1,54,1,-2,0.047166109
-1,55,1,-1,0.047166109
-1,52,1,-1,0.057148695
-1,53,1,0,0.057148695
0,52,1,-2,0.057148695
-1,49,1,-1,0.057148695
0,47,1,-2,0.057148695
-1,42,1,-2,0.067171812
-1,39,1,-1,0.067171812
0,36,1,-1,0.067171812
0,32,1,-2,0.067171812
-1,26,0,-2,0.067171812
0,21,0,-2,0.067171812
-1,15,1,-1,0.067171812
0,12,1,-1,0.067171812
-1,9,1,-1,0.077149868
0,8,1,-2,0.077149868
-1,8,1,-2,0.077149868
-1,8,1,-1,0.077149868
0,10,0,-2,0.077149868
0,11,0,-1,0.077149868
0,12,1,-1,0.077149868
-1,9,1,-1,0.077149868
-1,9,1,-1,0.087149858
0,8,1,-2,0.087149858
-1,9,1,-1,0.087149858
-1,8,1,-2,0.087149858
0,8,1,-1,0.087149858
-1,8,1,-2,0.087149858
0,6,1,-1,0.087149858
-1,6,1,-2,0.087149858
0,6,0,0,0.087149858
-1,-2,6,-1,0.005063772
-1,-2,6,-2,0.005063772
0,-2,6,-1,0.005063772
-1,-2,6,-1,0.005063772
-1,-2,6,-2,0.015062571
-1,-2,8,-1,0.015062571
0,-2,10,-1,0.015062571
-1,-2,12,-1,0.015062571
-1,-2,12,-1,0.015062571
-1,-2,11,-1,0.025062323
0,-2,8,-1,0.025062323
-1,-2,7,-2,0.025062323
0,-2,8,-1,0.025062323
-1,-2,10,-1,0.025062323
0,-1,9,0,0.025062323
-1,-1,10,4,0.035067558
0,-2,8,9,0.035067558
-1,-1,6,14,0.035067558
0,0,1,18,0.035067558
-1,1,0,22,0.035067558
0,6,0,24,0.035067558
0,11,0,20,0.035067558
0,16,1,12,0.045093298
-1,23,0,4,0.045093298
-1,30,0,0,0.045093298
0,33,0,-1,0.045093298
-1,32,0,-2,0.045093298
-1,39,1,-2,0.045093298
-1,43,0,-1,0.045093298
-1,44,0,-2,0.045093298
-1,40,0,-1,0.045093298
-1,27,0,-2,0.045093298
0,18,0,-2,0.045093298
-1,11,0,-1,0.045093298
-1,10,0,-2,0.045093298
0,7,1,-2,0.0566535
0,7,0,-1,0.059808254
-1,8,0,-2,0.060855865
-1,9,0,-2,0.060855865
-1,8,0,-2,0.06185627
-1,7,0,-2,0.062866449
-1,8,0,-2,0.063879728
0,6,-1,-2,0.063879728
-1,6,0,-1,0.064876318
-1,-2,6,-2,0.007413864
-1,-1,6,-1,0.007413864
-1,-2,7,-1,0.007413864
-1,-2,8,-2,0.017189264
0,-2,9,-1,0.017189264
-1,-2,10,-2,0.017189264
0,-1,9,-2,0.017189264
-1,-1,8,-1,0.017189264
-1,-3,9,-2,0.027188301
-1,-1,8,-1,0.027188301
-1,-2,9,-2,0.027188301
-1,-2,10,-1,0.027188301
-1,-1,11,-2,0.027188301
-1,-1,10,-1,0.03718853
0,-1,9,-1,0.03718853
-1,-1,8,-2,0.03718853
-1,-1,7,-2,0.03718853
-1,-2,9,-2,0.03718853
-1,-2,10,-2,0.047219038
-1,-1,9,-1,0.047219038
-1,-1,9,-1,0.047219038
-1,-2,11,0,0.047219038
-1,-2,10,2,0.047219038
0,-1,9,5,0.047219038
-1,0,7,8,0.047219038
0,1,4,10,0.057188034
0,3,1,12,0.057188034
0,7,1,12,0.057188034
-1,12,1,11,0.057188034
-1,19,0,8,0.057188034
-1,27,1,1,0.057188034
0,32,1,-1,0.057188034
-1,38,0,0,0.057188034
-1,42,1,-2,0.067187309
-1,46,1,-2,0.067187309
0,47,0,0,0.067187309
-1,51,1,-2,0.067187309
-1,51,0,-1,0.067187309
0,53,1,-2,0.067187309
-1,58,0,-2,0.067187309
0,54,0,-1,0.077192307
-1,51,0,-2,0.077192307
-1,45,1,-2,0.077192307
0,37,1,-1,0.077192307
0,32,0,-2,0.077192307
-1,24,0,-1,0.077192307
-1,19,0,-2,0.077192307
0,12,1,-1,0.077192307
-1,12,1,-2,0.087188721
-1,8,0,-1,0.087188721
0,10,0,-1,0.087188721
0,12,0,-1,0.087188721
0,15,0,-1,0.087188721
-1,17,-1,-1,0.087188721
1,19,1,-2,0.087188721
0,18,0,-2,0.087188721
0,17,0,-2,0.097187757
0,17,0,-2,0.097187757
0,20,0,-1,0.097187757
0,20,1,-1,0.097187757
0,19,0,-1,0.097187757
0,18,0,-2,0.097187757
0,18,0,-1,0.097187757
0,17,0,-2,0.097187757
0,18,1,-2,0.10718751
0,17,0,-2,0.10718751
-1,17,0,-2,0.10718751
0,18,0,-1,0.10718751
0,16,0,-2,0.10718751
-1,15,0,-2,0.10718751
-1,15,0,-1,0.10718751
0,14,0,-1,0.10718751
0,13,0,-2,0.10718751
0,12,1,-2,0.117187977
-1,10,1,-1,0.117187977
-1,10,0,-2,0.117187977
-1,8,1,-2,0.117187977
-1,6,0,-2,0.117187977
-1,-1,6,-1,0.003600359
0,-2,6,-1,0.003600359
0,-1,7,-2,0.003600359
0,-2,7,-1,0.013377666
-1,-2,7,-1,0.013377666
0,-2,8,-2,0.013377666
-1,-1,7,-1,0.013377666
-1,-1,7,-2,0.013377666
0,-1,6,-1,0.013377666
0,-2,7,-2,0.023377895
0,-1,6,-1,0.023377895
1,-1,6,0,0.023377895
0,6,2,1,0.023377895
-1,7,1,0,0.023377895
-1,9,1,-1,0.033378363
0,10,1,0,0.033378363
-1,12,2,-1,0.033378363
0,15,1,-1,0.033378363
-1,15,1,-2,0.033378363
0,14,1,0,0.033378363
0,14,2,-2,0.033378363
-1,13,2,-1,0.033378363
-1,15,1,0,0.033378363
-1,16,1,-2,0.043376923
-1,17,2,-2,0.043376923
-1,13,1,-1,0.043376923
-1,11,1,-2,0.043376923
0,8,1,-2,0.043376923
-1,7,1,-1,0.043376923
-1,7,1,-1,0.043376923
0,8,0,-1,0.043376923
-1,-1,6,-2,0.00361824
-1,-1,6,-2,0.00361824
-1,-1,6,-2,0.00361824
-1,-1,6,-2,0.01342845
-1,-1,6,-1,0.01342845
0,-1,8,-1,0.01342845
-1,-1,9,-1,0.01342845
0,-2,12,-2,0.01342845
-1,-1,11,-1,0.01342845
-1,-2,10,-2,0.023398399
0,-1,10,-1,0.023398399
-1,-2,11,-2,0.023398399
1,-2,11,-1,0.023398399
0,-2,11,-2,0.023398399
0,-2,12,-1,0.033400297
0,-2,13,-1,0.033400297
0,-2,15,1,0.033400297
1,-2,14,3,0.033400297
1,-2,13,5,0.033400297
0,0,12,9,0.033400297
0,0,11,11,0.033400297
0,2,8,13,0.033400297
0,2,4,14,0.043419361
-1,4,2,15,0.043419361
0,6,1,16,0.043419361
-1,10,1,17,0.043419361
-1,15,1,17,0.043419361
0,20,1,16,0.043419361
-1,27,1,14,0.043419361
-1,34,1,10,0.043419361
0,40,1,4,0.053398848
0,46,1,0,0.053398848
-1,51,0,-2,0.053398848
-1,54,0,-1,0.053398848
-1,54,0,-2,0.053398848
0,49,0,-1,0.053398848
-1,42,1,-1,0.053398848
-1,43,1,-1,0.053398848
-1,45,0,-1,0.053398848
-1,41,1,-2,0.053398848
0,40,1,-1,0.053398848
-1,37,1,-2,0.053398848
-1,35,1,-2,0.053398848
-1,30,0,-1,0.063397884
-1,28,1,-1,0.063397884
0,23,1,-2,0.063397884
-1,19,1,-1,0.063397884
0,16,1,-1,0.063397884
-1,13,1,-2,0.063397884
0,11,1,-1,0.063397884
-1,11,1,-2,0.063397884
0,10,1,-2,0.073397636
0,9,1,-1,0.073397636
-2,9,1,-2,0.073397636
0,9,0,-2,0.073397636
-1,12,1,-1,0.073397636
-1,12,1,-1,0.073397636
-1,11,0,-2,0.073397636
0,11,1,-2,0.073397636
-1,10,0,-2,0.083397388
1,9,2,-2,0.083397388
0,11,0,-2,0.083397388
-1,10,1,-3,0.083397388
0,9,1,-1,0.083397388
-1,8,1,-1,0.083397388
-1,7,2,-2,0.093415022
0,7,1,-2,0.093415022
-1,6,1,-1,0.093415022